TRAVEL_ID,VISIT_AREA_NM
a_a003054,와이즈파크 부산점
a_a003054,용두산공원
a_a003054,부평깡통시장
b_b000016,송정 해수욕장
b_b000016,장산공원
b_b000016,안적사
b_b000016,부산 시립미술관
b_b000029,다이아몬드타워
b_b000029,송도해상케이블카 송도베이스테이션
b_b000029,해동용궁사
b_b000029,태종대
b_b000029,죽성드림세트장
b_b000029,범어사
b_b000029,감천문화마을
b_b000036,해운대 영화의거리
b_b000036,신세계백화점 센텀시티점
b_b000064,해운대 전통시장
b_b000064,해운대 해수욕장
b_b000064,해운대 해수욕장
b_b000076,광안리 해수욕장
b_b000076,BIFF 광장
b_b000076,피아크
b_b000076,롯데프리미엄아울렛 동부산점
b_b000110,뮤지엄 원
b_b000110,수영만 요트경기장
b_b000110,포토시그니처 부산광복점
b_b000110,부산 시립미술관
b_b000110,해운대 해수욕장
b_b000135,동백섬
b_b000135,정공단
b_b000135,흰여울문화마을
b_b000135,동백섬
b_b000135,라이언 홀리데이 인 부산
b_b000135,감천문화마을
b_b000135,해운대 해수욕장
b_b000135,해운대 해수욕장
b_b000135,몰운대
b_b000217,그랜드조선 부산
b_b000217,그랜드조선 부산
b_b000217,해운대 해수욕장
b_b000220,신세계백화점 센텀시티점
b_b000220,파라다이스호텔 부산 오션스파씨메르
b_b000220,해운대 해수욕장
b_b000220,마마된장 동부산롯데테마파크점
b_b000220,해운대 해수욕장
b_b000220,부산 칠드런스 뮤지엄
b_b000257,세이브존 해운대점
b_b000267,광안리 해수욕장
b_b000267,해운대 해수욕장
b_b000267,용두산공원
b_b000292,해운대 해수욕장
b_b000292,해운대 해수욕장
b_b000292,수영만 요트경기장
b_b000292,해운대 블루라인파크
b_b000292,동백섬
b_b000315,아그라 센텀시티몰점
b_b000315,밀락 더 마켓
b_b000332,홈플러스 부산연산점
b_b000354,메가마트 동래점
b_b000427,태종대
b_b000427,해운대 블루라인파크
b_b000427,송도해상케이블카 송도베이스테이션
b_b000427,영화의전당
b_b000427,용두산공원
b_b000427,롯데백화점 광복점
b_b000427,태종대
b_b000427,해운대 해수욕장
b_b000427,흰여울문화마을
b_b000427,부평깡통시장
b_b000427,해동용궁사
b_b000444,해운대 블루라인파크
b_b000444,다이아몬드타워
b_b000444,해운대 전통시장
b_b000444,해운대 해수욕장
b_b000444,부평깡통시장
b_b000444,부산요트투어
b_b000444,흰여울문화마을
b_b000444,해운대 블루라인파크
b_b000444,BIFF 광장
b_b000444,광안리 해수욕장
b_b000444,해운대 블루라인파크
b_b000444,청사포 다릿돌 전망대
b_b000473,서면 1번가
b_b000473,복천박물관
b_b000473,자갈치시장
b_b000473,롯데백화점 부산본점
b_b000473,송정 해수욕장
b_b000482,뉴한국마트
b_b000482,해운대 해수욕장
b_b000482,서면미술관
b_b000482,송도해상케이블카 송도베이스테이션
b_b000482,이마트트레이더스 서면점
b_b000499,해운대 블루라인파크
b_b000499,망양로산복도로전시관
b_b000499,초량 이바구길
b_b000525,자갈치시장
b_b000525,태종대
b_b000525,송도 해수욕장
b_b000525,더베이101
b_b000525,BIFF 광장
b_b000525,흰여울문화마을
b_b000525,송도해상케이블카 송도베이스테이션
b_b000525,해운대 블루라인파크
b_b000525,다이아몬드타워
b_b000525,누리마루 APEC하우스
b_b000525,해운대 전통시장
b_b000530,해운대 블루라인파크
b_b000530,해운대 블루라인파크
b_b000530,광안리 해수욕장
b_b000530,태종대
b_b000534,황령산
b_b000534,송도해상케이블카 송도베이스테이션
b_b000534,광안리 해수욕장
b_b000534,광안리 해수욕장
b_b000534,범어사
b_b000534,해운대 블루라인파크
b_b000534,영도하늘전망대
b_b000562,광안리 해수욕장
b_b000562,동백섬
b_b000562,흰여울문화마을
b_b000562,해운대 해수욕장
b_b000562,해운대 블루라인파크
b_b000562,해운대 해수욕장
b_b000590,범어사
b_b000590,송도해상케이블카 송도베이스테이션
b_b000590,광안리 해수욕장
b_b000590,누리마루 APEC하우스
b_b000590,동백섬
b_b000590,감천문화마을
b_b000590,태종대
b_b000590,국제시장
b_b000596,씨라이프 부산아쿠아리움
b_b000596,해운대 블루라인파크
b_b000596,해운대 블루라인파크
b_b000596,수영만 요트경기장
b_b000596,광안리 해수욕장
b_b000596,해운대 블루라인파크
b_b000597,부평깡통시장
b_b000597,아난티코브
b_b000597,오륙도 스카이워크
b_b000597,더베이101
b_b000597,해동용궁사
b_b000597,민락수변공원
b_b000597,흰여울문화마을
b_b000602,해운대 해수욕장
b_b000602,BIFF 광장
b_b000602,롯데백화점 부산본점
b_b000602,서면 1번가
b_b000602,송정 해수욕장
b_b000604,해운대 해수욕장
b_b000604,해운대 블루라인파크
b_b000604,해동용궁사
b_b000604,더베이101
b_b000604,감천문화마을
b_b000604,해운대 전통시장
b_b000604,해운대 전통시장
b_b000604,웨스틴 조선 부산
b_b000604,더베이101
b_b000626,범어사
b_b000626,백운포체육공원 풋살장
b_b000626,다비치안경 경성대부경대소방서옆점
b_b000626,광안리 해수욕장
b_b000626,광안리 해수욕장
b_b000629,광안리 해수욕장
b_b000629,크레이지 서퍼스
b_b000629,광안리 해수욕장
b_b000629,광안리 해수욕장
b_b000634,감천문화마을
b_b000634,와우요트
b_b000634,절영해안산책로
b_b000634,송도해상케이블카 송도베이스테이션
b_b000634,롯데마트 광복점
b_b000634,해동용궁사
b_b000634,부산시민공원
b_b000634,해운대 해수욕장
b_b000634,홈플러스스페셜 해운대점
b_b000634,부산시민공원
b_b000634,씨라이프 부산아쿠아리움
b_b000634,국제시장
b_b000642,초량 차이나타운
b_b000642,부평깡통시장
b_b000642,국립해양박물관
b_b000642,흰여울문화마을
b_b000642,영도대교
b_b000642,흰여울문화마을
b_b000642,국제시장
b_b000642,국제시장
b_b000642,자갈치시장
b_b000642,자갈치시장
b_b000642,부산진시장
b_b000655,송정 해수욕장
b_b000655,서프로드
b_b000671,부산국제금융센터
b_b000671,광안리 해수욕장
b_b000671,흰여울문화마을
b_b000679,웨이브락 광안점
b_b000679,해운대 해수욕장
b_b000679,광안리 해수욕장
b_b000685,이케아 동부산점
b_b000685,광안리 해수욕장
b_b000685,DK분식
b_b000685,센텀시티 스파랜드
b_b000714,민락수변공원
b_b000714,라이언 홀리데이 인 부산
b_b000714,광안리 해수욕장
b_b000714,스카이라인루지 부산
b_b000714,해운대 블루라인파크
b_b000714,밀락 더 마켓
b_b000714,해동용궁사
b_b000740,롯데마트 광복점
b_b000740,광안리 해수욕장
b_b000740,삼정타워
b_b000740,서면몰
b_b000800,벡스코
b_b000800,뮤지엄 원
b_b000800,광안리 해수욕장
b_b000800,셀픽스 서면역점
b_b000802,워터하우스
b_b000817,동백섬
b_b000817,송도구름산책로
b_b000820,스카이라인루지 부산
b_b000820,워터하우스
b_b000820,해운대 블루라인파크
b_b000820,청사포 다릿돌 전망대
b_b000882,수영만 요트경기장
b_b000907,광안리 해수욕장
b_b000907,광안리해양레포츠센터
b_b000907,홈플러스스페셜 해운대점
b_b000934,국제시장
b_b000934,이씨할매횟집
b_b000934,센텀시티 스파랜드
b_b000934,미포끝집
b_b000947,감천문화마을
b_b000947,호천문화플랫폼
b_b000947,흰여울문화마을
b_b000947,해운대 해수욕장
b_b000947,이기대해안산책로
b_b000947,상국이네
b_b000947,망미단길
b_b000960,해운대 블루라인파크
b_b000960,밀락 더 마켓
b_b000960,롯데월드 어드벤처 부산
b_b000982,롯데프리미엄아울렛 동부산점
b_b000982,카시나
b_b000982,롯데월드 어드벤처 부산
b_b000982,아난티힐튼 부산
b_b000989,국제시장
b_b000989,가덕도
b_b000989,태종대
b_b000998,청사포 다릿돌 전망대
b_b000998,동백섬
b_b000998,청사포어항북방파제등대
b_b000998,해운대 블루라인파크
b_b000998,해운대 블루라인파크
b_b000998,민락수변공원
b_b000998,부산 사직종합운동장
b_b001005,송도구름산책로
b_b001005,송도구름산책로
b_b001005,송도해상케이블카 송도베이스테이션
b_b001030,이기대해안산책로
b_b001030,해운대 해수욕장
b_b001030,흰여울문화마을
b_b001030,국제시장
b_b001030,감지해변
b_b001030,해운대 블루라인파크
b_b001030,BIFF 광장
b_b001030,롯데백화점 광복점
b_b001030,황령산
b_b001067,태종대
b_b001067,신세계백화점 센텀시티점
b_b001067,수영만 요트경기장
b_b001138,용두산공원
b_b001138,동백섬
b_b001138,광안리 해수욕장
b_b001138,오륙도 스카이워크
b_b001138,태종대
b_b001138,흰여울문화마을
b_b001138,이기대해안산책로
b_b001138,절영해안산책로
b_b001138,자갈치시장
b_b001138,국제시장
b_b001138,해운대 해수욕장
b_b001138,초량 차이나타운
b_b001145,BIFF 광장
b_b001145,전포카페거리
b_b001145,해운대 영화의거리
b_b001145,해리단길
b_b001145,동백섬
b_b001145,라이언 홀리데이 인 부산
b_b001145,해운대 전통시장
b_b001145,더베이101
b_b001191,서면 1번가
b_b001191,해운대 해수욕장
b_b001191,KT&G상상마당 부산
b_b001191,부전시장
b_b001236,메이언니잡화점
b_b001236,오월상점
b_b001236,마가린상점
b_b001236,광안리 해수욕장
b_b001275,부산프랑스문화원 아트스페이스
b_b001275,동백섬
b_b001275,F1963
b_b001275,이터널저니
b_b001626,센텀시티 스파랜드
b_b001626,해운대 해수욕장
b_b001626,서프베이
b_b001777,민주공원
b_b001777,송정 해수욕장
b_b001777,광안리 해수욕장
b_b001777,부산대학교 부산캠퍼스
b_b001813,해운대 해수욕장
b_b001813,은하수유람선
b_b001813,광안리 해수욕장
b_b001813,모다라
b_b001886,온천천
b_b001886,롯데백화점 부산본점
b_b001886,포토드링크 서면태화점
b_b001886,이마트 금정점
b_b001914,대림맨션
b_b001914,흰여울문화마을
b_b001914,광안리 해수욕장
b_b001914,라이언 홀리데이 인 부산
b_b001914,롯데월드 어드벤처 부산
b_b001914,부평깡통시장
b_b001914,국제시장
b_b001917,초량 이바구길
b_b001917,더베이101
b_b001917,자갈치시장
b_b001917,포포루
b_b001917,부평깡통시장
b_b001917,국제시장
b_b001917,광안리 해수욕장
b_b001917,신세계백화점 센텀시티점
b_b001979,초량 차이나타운
b_b001979,해운대 블루라인파크
b_b001979,자갈치시장
b_b001979,벡스코
b_b001979,대변항 수산물직매장
b_b001979,롯데백화점 광복점
b_b001979,부평깡통시장
b_b001979,해운대 해수욕장
b_b001984,밀락 더 마켓
b_b001984,광안리 해수욕장
b_b001984,광안리해양레포츠센터
b_b001984,밀락 더 마켓
b_b001984,창비 부산
b_b001986,부평깡통시장
b_b001986,광안리 해수욕장
b_b001986,깡돼후야시장
b_b001986,남포동 거리
b_b001986,밀락 더 마켓
b_b001986,흰여울문화마을
b_b001986,민락수변공원
b_b001986,해운대 해수욕장
b_b001986,밀락 더 마켓
b_b001986,BIFF 광장
b_b002000,해운대 해수욕장
b_b002000,해동용궁사
b_b002000,송정 해수욕장
b_b002000,감천문화마을
b_b002000,해운대 블루라인파크
b_b002000,송도구름산책로
b_b002000,부평깡통시장
b_b002123,해운대 해수욕장
b_b002123,자갈치시장
b_b002123,부산아시아드 보조경기장
b_b002123,광안리 해수욕장
b_b002248,광안리해양레포츠센터
b_b002248,해운대 이벤트광장
b_b002248,광안리 해수욕장
b_b002248,청사포방파제
b_b002248,흰여울문화마을
b_b002248,더베이101
b_b002248,민락수변공원
b_b002386,아홉산 숲
b_b002411,해운대 포장마차촌
b_b002411,감천문화마을
b_b002411,깡돼후야시장
b_b002411,해운대 해수욕장
b_b002436,포르타나 부산점
b_b002436,흰여울문화마을
b_b002436,해리단길
b_b002436,해운대 블루라인파크
b_b002436,광안리 해수욕장
b_b002436,밀락 더 마켓
b_b002436,해운대 해수욕장
b_b002436,백두산횟집
b_b002575,아난티코브
b_b002575,NC백화점 서면점
b_b002575,송정 해수욕장
b_b002662,서면몰
b_b002662,만취길
b_b002662,해운대 해수욕장
b_b002662,스카이라인루지 부산
b_b002662,해파랑길 1코스
b_b002662,BIFF 광장
b_b002662,오륙도 스카이워크
b_b002662,신세계백화점 센텀시티점
b_b002662,해동용궁사
b_b002662,광안리 해수욕장
b_b002662,자갈치시장
b_b002682,센텀시티 스파랜드
b_b002682,흰여울문화마을
b_b002682,태종대
b_b002682,신세계백화점 센텀시티점
b_b002682,태종대
b_b002682,BIFF 광장
b_b002682,국제시장
b_b002682,국제시장
b_b002723,민락수변공원
b_b002723,광안리 해수욕장
b_b002723,오월상점
b_b002723,NC백화점 서면점
b_b002723,밀락 더 마켓
b_b002723,해운대 블루라인파크
b_b002724,롯데마트 광복점
b_b002724,태종대
b_b002724,임시수도기념관
b_b002724,초량 차이나타운
b_b002724,자갈치시장
b_b002728,해운대 블루라인파크
b_b002728,국제시장
b_b002728,해동용궁사
b_b002728,자갈치시장
b_b002728,충무동골목시장
b_b002728,해운대 해수욕장
b_b002728,해운대 해수욕장
b_b002728,흰여울문화마을
b_b002728,일광 해수욕장
b_b002901,수영사적공원
b_b002901,부산문화회관
b_b002901,삼정타워
b_b002901,오브제후드
b_b002924,노티스
b_b002924,부산아시아드 보조경기장
b_b002924,롯데백화점 광복점
b_b002924,라이언 홀리데이 인 부산
b_b002924,해운대 해수욕장
b_b002924,송도 해수욕장
b_b002998,롯데백화점 부산본점
b_b002998,해운대 해수욕장
b_b002998,골프존파크 중동VIP스크린점
b_b002998,전포카페거리
b_b002998,송도해상케이블카 송도베이스테이션
b_b002998,해운대 해수욕장
b_b003018,해동용궁사
b_b003018,오랑대공원
b_b003018,신세계백화점 센텀시티점
b_b003103,광안리 해수욕장
b_b003103,민락수변공원
b_b003103,전포카페거리
b_b003305,롯데프리미엄아울렛 동부산점
b_b003305,신세계프리미엄아울렛 부산
b_b003305,해운대 해수욕장
b_b003305,코오롱씨클라우드호텔
b_b003305,롯데월드 어드벤처 부산
b_b003305,이케아 동부산점
b_b003397,이케아 동부산점
b_b003397,부평깡통시장
b_b003397,홍소족발
b_b003397,롯데프리미엄아울렛 동부산점
b_b003397,해동용궁사
b_b003681,전포성당
b_b003681,홍법사
b_b003681,전포카페거리
b_b003681,KT&G상상마당 부산
b_b003714,해운대 해수욕장
b_b003714,신평소공원
b_b003714,부산요트투어
b_b003714,이케아 동부산점
b_b003789,광안리 해수욕장
b_b003789,하카다라멘
b_b003789,동아대학교 부민캠퍼스
b_b003789,부평깡통시장
b_b003789,카카오프렌즈 부산플래그십스토어
b_b003789,용두산공원
b_b003789,광안리 해수욕장
b_b003805,송도 해수욕장
b_b003805,암남공원
b_b003805,국립해양박물관
b_b003805,부네치아선셋전망대
b_b003809,제임스짐 서면점
b_b003809,더플레인
b_b003827,밀락 더 마켓
b_b003827,톤앤미퍼스널컬러
b_b003827,해운대 해수욕장
b_b003827,NC백화점 서면점
b_b003827,해운대 해수욕장
b_b003828,롯데백화점 부산본점
b_b003828,광안리 해수욕장
b_b003828,해운대 전통시장
b_b003828,국제시장
b_b003828,라이언 홀리데이 인 부산
b_b003828,해운대 해수욕장
b_b003828,흰여울문화마을
b_b003828,부평깡통시장
b_b003828,해운대 해수욕장
b_b003906,태종대
b_b003906,해운대 해수욕장
b_b003906,해동용궁사
b_b003906,뮤지엄 원
b_b003906,요트홀릭
b_b003906,광안리 해수욕장
b_b003910,부산농협화훼판매장
b_b003910,해운대리버크루즈
b_b003910,해운대리버크루즈
b_b003910,신세계백화점 센텀시티점
b_b003934,광안리 해수욕장
b_b003934,부산대학교 부산캠퍼스
b_b003934,밀락 더 마켓
b_b003938,해리단길
b_b003938,해운대 전통시장
b_b003938,더베이101
b_b003955,메가마트 남천점
b_b004012,다대포해수욕장
b_b004012,죽성드림세트장
b_b004012,F1963
b_b004012,대룡마을
b_b004017,전포카페거리
b_b004017,초량 차이나타운
b_b004017,해리단길
b_b004017,전포카페거리
b_b004017,전포카페거리
b_b004017,해운대 해수욕장
b_b004017,신세계백화점 센텀시티점
b_b004017,비밀의화원 서면점
b_b004017,부산역
b_b004017,서면미술관
b_b004017,삼정타워
b_b004075,홈플러스 스페셜 서부산점
b_b004075,국제시장
b_b004075,남포동 거리
b_b004075,서면 1번가
b_b004075,해리단길
b_b004075,해운대 해수욕장
b_b004075,초량 차이나타운
b_b004249,해운정사
b_b004249,해운대 해수욕장
b_b004249,흰여울문화마을
b_b004249,해운대 전통시장
b_b004249,더베이101
b_b004249,해운대 블루라인파크
b_b004257,영주시장
b_b004257,영도해녀촌
b_b004293,기장해안산책로
b_b004402,롯데월드 어드벤처 부산
b_b004402,신세계백화점 센텀시티점
b_b004402,용두산공원
b_b004404,수영만 요트경기장
b_b004404,광안리 해수욕장
b_b004404,밀락 더 마켓
b_b004404,송도해상케이블카 송도베이스테이션
b_b004404,부평깡통시장
b_b004404,밀락 더 마켓
b_b004444,이기대해안산책로
b_b004444,광안리 해수욕장
b_b004444,용호별빛공원
b_b004444,광안리 해수욕장
b_b004467,롯데월드 어드벤처 부산
b_b004467,손큰할매
b_b004467,부평깡통시장
b_b004477,다이아몬드타워
b_b004477,롯데백화점 광복점
b_b004477,신세계백화점 센텀시티점
b_b004477,광안리 해수욕장
b_b004477,삼락생태공원
b_b004477,흰여울문화마을
b_b004477,BIFF 광장
b_b004498,해운대 해수욕장
b_b004498,부산항 제1부두
b_b004499,흰여울문화마을
b_b004499,롯데백화점 광복점
b_b004499,초량 차이나타운
b_b004546,흰여울문화마을
b_b004546,광안리 해수욕장
b_b004550,BIFF 광장
b_b004550,태종대
b_b004550,흰여울문화마을
b_b004555,올림픽공원
b_b004555,웨이브락 서면점
b_b004555,웨이브락 서면점
b_b004555,광안리 해수욕장
b_b004555,청사포 다릿돌 전망대
b_b004555,부평깡통시장
b_b004555,해운대 블루라인파크
b_b004555,해동용궁사
b_b004555,해운대 해수욕장
b_b004564,해운대 해수욕장
b_b004564,해운대 해수욕장
b_b004564,수영만 요트경기장
b_b004564,전포카페거리
b_b004564,감천문화마을
b_b004564,광안리 해수욕장
b_b004580,영도대교
b_b004580,깡깡이예술마을
b_b004610,해운대 해수욕장
b_b004610,송도해상케이블카 송도베이스테이션
b_b004610,스카이라인루지 부산
b_b004610,다이아몬드타워
b_b004610,광안리 해수욕장
b_b004642,송정 해수욕장
b_b004642,송정 해수욕장
b_b004642,서프홀릭
b_b004642,해운대 해수욕장
b_b004642,송정 해수욕장
b_b004642,이케아 동부산점
b_b004687,롯데월드 어드벤처 부산
b_b004687,코랄라니
b_b004699,부산대역 부산1호선
b_b004699,롯데프리미엄아울렛 동부산점
b_b004699,이케아 동부산점
b_b004699,온천천
b_b004700,벡스코
b_b004700,해운대 해수욕장
b_b004700,롯데백화점 센텀시티점
b_b004708,광안리 해수욕장
b_b004708,죽도산
b_b004725,롯데월드 어드벤처 부산
b_b004725,이케아 동부산점
b_b004725,롯데프리미엄아울렛 동부산점
b_b004783,이케아 동부산점
b_b004783,용두산공원
b_b004783,흰여울문화마을
b_b004783,채비애
b_b004790,용두산공원
b_b004790,밀락 더 마켓
b_b004790,광안리 해수욕장
b_b004790,부평깡통시장
b_b004790,BIFF 광장
b_b004790,국제시장
b_b004802,엄광산숲길
b_b004802,구덕문화공원
b_b004802,광안리 해수욕장
b_b004813,태종대
b_b004813,호천문화플랫폼
b_b004813,삼정타워
b_b004813,부산진성
b_b004813,영가대
b_b004813,태종대온천
b_b004813,부산시립박물관
b_b004813,조선통신사역사관
b_b004813,구명사
b_b004813,부산항만공사 본사
b_b004813,해운대 해수욕장
b_b004813,부산세관박물관
b_b004813,수정
b_b004822,해운대 전통시장
b_b004822,가배원커피
b_b004830,부산시민공원
b_b004830,롯데백화점 부산본점
b_b004830,이마트 사상점
b_b004849,광안리 해수욕장
b_b004849,센텀시티 스파랜드
b_b004849,메가박스 정관
b_b004903,흰여울문화마을
b_b004903,다대포해수욕장
b_b004903,다대포해수욕장
b_b004903,고우니생태길
b_b004931,광안리 해수욕장
b_b004987,자갈치시장
b_b004987,해리단길
b_b004987,국제시장
b_b004987,용두산공원
b_b004987,BIFF 광장
b_b005082,해운대 전통시장
b_b005082,해운대 해수욕장
b_b005082,자갈치시장
b_b005093,광안리 해수욕장
b_b005093,광안리 해수욕장
b_b005098,요트다
b_b005098,재송시장
b_b005098,씨라이프 부산아쿠아리움
b_b005126,광안리 해수욕장
b_b005126,부평깡통시장
b_b005126,서면 1번가
b_b005126,BIFF 광장
b_b005126,감천문화마을
b_b005157,영도대교
b_b005157,롯데백화점 광복점
b_b005280,해운대 블루라인파크
b_b005280,신세계백화점 센텀시티점
b_b005280,광안리 해수욕장
b_b005326,해운대 해수욕장
b_b005326,해운대 블루라인파크
b_b005326,수영만 요트경기장
b_b005326,더베이101
b_b005326,흰여울문화마을
b_b005369,국제시장
b_b005369,BIFF 광장
b_b005369,감천문화마을
b_b005369,국제시장
b_b005369,부평깡통시장
b_b005369,해리단길
b_b005369,광안리 해수욕장
b_b005369,동백섬
b_b005388,더베이101
b_b005388,파워스테이션
b_b005388,부산요트투어
b_b005433,흰여울문화마을
b_b005454,흰여울문화마을
b_b005454,민락교
b_b005454,국제시장
b_b005454,해운대 해수욕장
b_b005454,해운대 해수욕장
b_b005454,더베이101
b_b005539,F1963
b_b005539,광안리 해수욕장
b_b005539,롯데월드 어드벤처 부산
b_b005649,광안리 해수욕장
b_b005649,해운대 해수욕장
b_b005649,광안리 해수욕장
b_b005649,광안리 해수욕장
b_b005649,광안리 해수욕장
b_b005649,동백섬
b_b005649,밀락 더 마켓
b_b005649,고운 최치원선생 동상
b_b005649,광안리 해수욕장
b_b005735,영화의전당
b_b005735,해운대 해수욕장
b_b005735,소향씨어터 신한카드홀
b_b005735,롯데백화점 센텀시티점
b_b005822,이케아 동부산점
b_b005822,신세계프리미엄아울렛 부산
b_b005822,롯데프리미엄아울렛 동부산점
b_b005835,부평깡통시장
b_b005835,벡스코
b_b005871,해운대 블루라인파크
b_b005871,서면시장
b_b005871,해운대 블루라인파크
b_b005889,광안리 해수욕장
b_b005889,광안리 해수욕장
b_b005889,부평깡통시장
b_b005889,부평깡통시장
b_b005889,태종대
b_b005889,부산요트투어
b_b005889,오륙도 스카이워크
b_b005920,광안리 해수욕장
b_b005920,광안리 해수욕장
b_b005920,해운대 해수욕장
b_b005920,밀락 더 마켓
b_b005984,밀락 더 마켓
b_b005984,코스트코 부산점
b_b005990,피엔유에이벡
b_b006020,마린시티
b_b006020,광안리 해수욕장
b_b006020,신세계백화점 센텀시티점
b_b006020,전포카페거리
b_b006021,롯데백화점 광복점
b_b006021,스타뮤직동전노래연습장
b_b006236,신세계프리미엄아울렛 부산
b_b006238,광안리 해수욕장
b_b006238,명란브랜드연구소
b_b006275,해운대 해수욕장
b_b006275,자갈치시장
b_b006275,광안리 해수욕장
b_b006283,롯데백화점 부산본점
b_b006283,APEC나루공원
b_b006283,신세계백화점 센텀시티점
b_b006293,부산국제록페스티벌
b_b006299,송정 해수욕장
b_b006314,아홉산 숲
b_b006314,해동용궁사
b_b006314,오랑대
b_b006314,일광 해수욕장
b_b006321,장산역 부산2호선
b_b006321,해운대 해수욕장
b_b006321,광안리 해수욕장
b_b006339,흰여울문화마을
b_b006339,다대포해수욕장
b_b006339,다대포해수욕장
b_b006353,안데르센동화마을
b_b006353,장안사
b_b006384,송정 해수욕장
b_b006384,해동용궁사
b_b006384,해운대 해수욕장
b_b006384,해운대 블루라인파크
b_b006385,광안리 해수욕장
b_b006438,라이크헤어
b_b006438,삼정타워
b_b006438,삼정타워
b_b006468,동구문화플랫폼
b_b006516,영도대교
b_b006516,용두산공원
b_b006516,롯데백화점 광복점
b_b006516,BIFF 광장
b_b006516,자갈치시장
b_b006525,롯데월드 어드벤처 부산
b_b006525,이케아 동부산점
b_b006525,한옥집김치찜 오시리아테마파크점
b_b006594,부산 화명수목원
b_b006594,롯데백화점 부산본점
b_b006594,롯데백화점 부산본점
b_b006716,광안리 해수욕장
b_b006716,부산메트로홀
b_b006716,밀락 더 마켓
b_b006799,코스트코 부산점
b_b006851,라이언 홀리데이 인 부산
b_b006851,포토드링크
b_b006851,해운대 해수욕장
b_b006851,해운대 해수욕장
b_b006892,홈플러스 부산반여점
b_b006908,NC백화점 부산대점
b_b006908,고메밀면
b_b006991,부산 현대미술관
b_b007047,전포카페거리
b_b007047,더바이널 언더그라운드라이브클럽
b_b007067,흰여울문화마을
b_b007067,부평깡통시장
b_b007067,국제시장
b_b007067,송도 해수욕장
b_b007067,송도해상케이블카 송도베이스테이션
b_b007085,광안리 해수욕장
b_b007085,롯데백화점 부산본점
b_b007085,롯데백화점 부산본점
b_b007085,전포카페거리
b_b007085,제이투피트니스
b_b007247,중앙역 부산1호선
b_b007403,갈맷길 4코스1구간
b_b007444,자갈치시장
b_b007444,BIFF 광장
b_b007444,흰여울문화마을
b_b007444,절영해안산책로
b_b007444,자갈치시장
b_b007501,부산은행 BNK갤러리
b_b007501,국제시장
b_b007501,용두산공원
b_b007513,서면 1번가
b_b007513,핫라인 셀렉트샵
b_b007513,민락수변공원
b_b007513,밀락 더 마켓
b_b007535,송도구름산책로
b_b007544,롯데월드 어드벤처 부산
b_b007695,구포시장
b_b007695,서정아트 부산
b_b007695,해운대 해수욕장
b_b007735,뉴히든싱어 동전노래연습장
b_b007735,동래읍성
b_b007805,NC백화점 서면점
b_b007805,해운대 해수욕장
b_b007805,서면미술관
b_b007805,센텀시티 스파랜드
b_b007805,해운대 해수욕장
b_b007940,흰여울문화마을
b_b007940,해운대 해수욕장
b_b007940,해운대 해수욕장
b_b007963,국립해양박물관
b_b007963,라이언 홀리데이 인 부산
b_b007963,롯데프리미엄아울렛 동부산점
b_b007988,해파랑길 1코스
b_b008004,충렬사
b_b008004,부전시장
b_b008004,이마트트레이더스 서면점
b_b008004,부산시민공원
b_b008052,요트탈래
b_b008052,삼정타워
b_b008066,개미집
b_b008079,광안리 해수욕장
b_b008207,해운대 해수욕장
b_b008207,부산시수목전시원
b_b008207,재한유엔기념공원
b_b008207,오륙도 스카이워크
b_b008207,부산시립박물관
b_b008207,오륙도 스카이워크
b_b008207,동백섬
b_b008221,광안리 해수욕장
b_b008221,부산 현대미술관
b_b008221,부산항 제1부두
b_b008221,F1963
b_b008221,BIFF 광장
b_b008221,감만창의문화촌
b_b008221,신세계백화점 센텀시티점
b_b008221,논픽션 부산
b_b008274,스타벅스 더해운대R점
b_b008274,해운대 해수욕장
b_b008274,서면 1번가
b_b008334,낙동강 하굿둑 전망대
b_b008334,아트 몰링 부산본점
b_b008334,구덕운동장
b_b008584,해운대 해수욕장
b_b008584,태종대
b_b008584,흰여울문화마을
b_b009252,롯데몰 메종동부산
b_b009252,이케아 동부산점
b_b009304,초량 차이나타운
b_b009304,메가박스 사상
b_b009304,애니플러스샵 부산서면점
b_b009304,메가쓰리팝 부산본점
b_b009383,KT&G상상마당 부산
b_b009383,KT&G상상마당 부산
b_b009383,프리스비 서면점
b_b009383,애플아울렛
b_b009466,다이아몬드타워
b_b009466,부산시립박물관
b_b009466,용두산공원
b_b009466,부산진성
b_b009466,부산진성
b_b009466,자갈치시장
b_b009466,송도 해수욕장
b_b009466,BIFF 광장
b_b009466,부산문화회관
b_b009523,부산 현대미술관
b_b009523,놀이마루
b_b009523,롯데월드 어드벤처 부산
b_b009523,이케아 동부산점
b_b009533,부산 시립미술관
b_b009533,롯데백화점 센텀시티점
b_b009533,광안리 해수욕장
b_b009533,벡스코
b_b009552,해운대 해수욕장
b_b009552,해운대 해수욕장
b_b009552,해운대 해수욕장
b_b009552,더베이101
b_b009552,해운대 해수욕장
b_b009552,광안리 해수욕장
b_b009552,광안리 해수욕장
b_b009610,해운대 해수욕장
b_b009610,신세계백화점 센텀시티점
b_b009610,동백섬
b_b009610,더베이101
b_b009610,해운대 전통시장
b_b009612,엘시티
b_b009664,구포시장
b_b009664,화명생태공원
b_b009864,대저생태공원
b_b010116,해운대 해수욕장
b_b010199,감천문화마을
b_b010199,부산횟집
b_b010199,초량 차이나타운
b_b010232,랄프깁슨 사진미술관
b_b010232,광안리 해수욕장
b_b010232,흰여울문화마을
b_b010232,해운대 전통시장
b_b010232,해운대 해수욕장
b_b010232,아카
b_b010232,흰여울문화마을
b_b010300,롯데프리미엄아울렛 동부산점
b_b010300,이케아 동부산점
b_b010762,해운대 해수욕장
b_b010762,부평깡통시장
b_b010762,해운대 전통시장
b_b010762,초량 차이나타운
b_b010762,수영만 요트경기장
b_b010823,초량 차이나타운
b_b010823,해운대 전통시장
b_b010823,초량근대역사갤러리
b_b010957,해운대 전통시장
b_b010957,롯데프리미엄아울렛 동부산점
b_b010957,해운대 블루라인파크
b_b010957,이케아 동부산점
b_b010957,해동용궁사
b_b010968,신세계백화점 센텀시티점
b_b010968,신세계백화점 센텀시티점
b_b010968,암남공원
b_b011033,해동성취사
b_b011033,신세계프리미엄아울렛 부산
b_b011033,일광 해수욕장
b_b011070,국제시장
b_b011070,롯데백화점 광복점
b_b011070,롯데마트 광복점
b_b011070,부평깡통시장
b_b011204,동래읍성
b_b011204,복천박물관
b_b011204,국제시장
b_b011204,동래읍성
b_b011210,동래읍성
b_b011210,복천박물관
b_b011210,신세계백화점 센텀시티점
b_b011210,동래읍성
b_b011224,해운대 블루라인파크
b_b011224,M2사진관 해운대점
b_b011224,청사포몽돌해변
b_b011224,광안리 해수욕장
b_b011224,해운대 해수욕장
b_b011244,신세계프리미엄아울렛 부산
b_b011250,부평깡통시장
b_b011271,이케아 동부산점
b_b011271,국립부산과학관
b_b011300,롯데백화점 광복점
b_b011300,송도 해수욕장
b_b011300,남포동 거리
b_b011319,롯데백화점 부산본점
b_b011319,러브이즈기빙 하트베어
b_b011319,광안리 해수욕장
b_b011424,덕천지하상가
b_b011424,구포시장
b_b011511,동백섬
b_b011511,해운대구남로 문화광장
b_b011511,센텀시티 스파랜드
b_b011511,해운대 해수욕장
b_b011511,해운대 해수욕장
b_b011511,신세계백화점 센텀시티점
b_b011512,송정 해수욕장
b_b011512,해운대 블루라인파크
b_b011512,청사포 다릿돌 전망대
b_b011512,죽성드림세트장
b_b011572,신세계백화점 센텀시티점
b_b011572,광안리 해수욕장
b_b011572,부산 시립미술관
b_b011617,신세계백화점 센텀시티점
b_b011617,부산 시립미술관
b_b011617,해리단길
b_b011635,AREA6
b_b011635,광안리 해수욕장
b_b011635,흰여울문화마을
b_b011635,아미르공원
b_b011635,국립해양박물관
b_b011701,신세계프리미엄아울렛 부산
b_b011701,신세계백화점 센텀시티점
b_b011837,신동아 수산물종합시장
b_b011837,국립 수산과학관
b_b011837,해동용궁사
b_b011837,웨이브락 서면점
b_b011837,부평깡통시장
b_b011837,스카이라인루지 부산
b_b012195,부산진남문시장
b_b012220,롯데프리미엄아울렛 동부산점
b_b012220,청학수변공원
b_b012220,흰여울문화마을
b_b012289,서면 1번가
b_b012289,NC백화점 서면점
b_b012289,롯데백화점 부산본점
b_b012289,광안리 해수욕장
b_b012289,삼정타워
b_b012316,서면 1번가
b_b012316,서면 1번가
b_b012316,광안리 해수욕장
b_b012539,빈티지뮤지엄
b_b012539,스파마린
b_b012539,해운대 해수욕장
b_b012539,용두산공원
b_b012539,해운대 영화의거리
b_b012619,국제시장
b_b012619,용두산공원
b_b012619,광안리 해수욕장
b_b012619,흰여울문화마을
b_b013656,벡스코
b_b013656,신세계프리미엄아울렛 부산
b_b013656,신세계백화점 센텀시티점
b_b013695,국제시장
b_b013695,동아대학교 석당박물관
b_b013710,롯데월드 어드벤처 부산
b_b013710,신세계백화점 센텀시티점
b_b013766,렛츠런파크 부산경남
b_b014175,롯데프리미엄아울렛 동부산점
b_b014175,해운대 해수욕장
b_b014175,송정 해수욕장
b_b014290,홈플러스익스프레스 광안점
b_b014365,히어로플레이파크 부산정관점
b_b014365,국립부산과학관
b_b014408,흰여울문화마을
b_b014408,옛백제병원
b_b014501,두호슈퍼
b_b014501,오랑대공원
b_b014637,민락수변공원
b_b014637,추억보물섬
b_b014637,해운대 해수욕장
b_b014637,브라켓테이블
b_b014637,광안리 해수욕장
b_b014637,흰여울문화마을
b_b014868,광안리 해수욕장
b_b014868,밀락 더 마켓
b_b014868,금강공원
b_b015076,롯데마트 동부산점
b_b015076,신세계백화점 센텀시티점
b_b015076,해동용궁사
b_b015076,롯데프리미엄아울렛 동부산점
b_b015094,금정산
b_b015208,뮤지엄 원
b_b015237,롯데프리미엄아울렛 동부산점
b_b015310,놀이마루
b_b015310,에그조이
b_b015310,삼보게임랜드
b_b015427,흰여울문화마을
b_b015427,북테온
b_b015427,해운대 해수욕장
b_b015427,부평깡통시장
b_b015427,자갈치시장
b_b015427,국제시장
b_b015427,광안리 해수욕장
b_b015438,부평깡통시장
b_b015438,롯데백화점 광복점
b_b015438,영도대교
b_b015438,흰여울문화마을
b_b015455,광안리 해수욕장
b_b015585,오막집
b_b015585,신세계백화점 센텀시티점
b_b015721,벌툰 부산서면본점
b_b015721,광안리 해수욕장
b_b015721,BIFF 광장
b_b015721,벌툰 부산서면본점
b_b015901,부평깡통시장
b_b015901,밀락 더 마켓
b_b015901,해동용궁사
b_b015901,광안리 해수욕장
b_b015908,광안리 해수욕장
b_b015908,해운대 해수욕장
b_b015908,송정 해수욕장
b_b016460,초량 차이나타운
b_b016460,국제시장
b_b016461,국제시장
b_b018476,신세계백화점 센텀시티점
b_b018476,부산 시립미술관
b_b018535,해동용궁사
b_b018535,벡스코
b_b018535,신세계백화점 센텀시티점
b_b018547,골드테마거리
b_b018577,정관박물관
b_b018577,소원사
b_b018607,부산요트경기장 야외무대
b_b018609,스타필드시티 명지
b_b018609,소담공원
b_b018621,자갈치시장
b_b018622,롯데백화점 부산본점
b_b018622,광안리 해수욕장
b_b018709,송상현광장
b_b018733,포토시그니처 부산덕천점
b_b018733,해운대 해수욕장
b_b018749,광복로 패션거리
b_b018749,용두산공원
b_b018749,송도 해수욕장
b_b018749,구제골목
c_c002510,송도 해수욕장
c_c002510,태종대
c_c002510,해동용궁사
c_c002510,부평깡통시장
c_c002510,태종대
c_c002510,초량 차이나타운
c_c002510,태종사
c_c002510,갈맷길 2코스2구간
c_c002510,청사포어항북방파제등대
c_c002510,광안리 해수욕장
c_c002510,흰여울문화마을
c_c002510,이기대해안산책로
c_c005325,롯데백화점 부산본점
c_c005325,다대포해수욕장
c_c005325,을숙도 생태공원
c_c005325,부산 현대미술관
d_d003524,황령산
d_d003524,송정 해수욕장
d_d003524,송정 해수욕장
d_d003524,흰여울문화마을
d_d003524,영도대교 포장마차거리
d_d003524,황령산
d_d003524,밀락 더 마켓
d_d003524,죽성드림세트장
d_d005253,민락수변공원
d_d005253,흰여울문화마을
d_d005253,태종대
d_d005253,송도해상케이블카 송도베이스테이션
d_d005253,감천문화마을
d_d008009,더베이101
d_d008009,서면 1번가
d_d008009,해동용궁사
d_d008009,감천문화마을
d_d008009,기장시장
d_d008009,광안리 해수욕장
d_d008009,국제시장
d_d008009,민락수변공원
f_f000007,회동수원지
f_f000007,범어사
f_f000019,홍법사
f_f000019,스포 원 파크 금정체육공원
f_f000019,회동수원지
f_f000022,아홉산 숲
f_f000022,롯데프리미엄아울렛 동부산점
f_f000023,코스트코 부산점
f_f000044,세정
f_f000044,황령산
f_f000272,광복로 패션거리
f_f000272,BIFF 광장
f_f000272,용두산공원
f_f000272,밀락 더 마켓
f_f000272,해동용궁사
f_f000272,광안리 해수욕장
f_f000272,광안리 해수욕장
f_f000272,국제시장
f_f000272,해운대 해수욕장
f_f000272,광안리 해수욕장
f_f000272,부산 시립미술관
f_f000272,부산 근현대 역사관 별관
f_f000272,부평깡통시장
f_f000272,에지 993
f_f000280,광복로 패션거리
f_f000280,흰여울문화마을
f_f000280,국제시장
f_f000280,해운대 해수욕장
f_f000280,해운대 달맞이 길
f_f000301,신세계백화점 센텀시티점
f_f000301,칸 마트 엘시티점
f_f000301,이마트 해운대점
f_f000301,해운대 해수욕장
f_f000317,흰여울문화마을
f_f000317,점포 사잇길
f_f000324,롯데월드 어드벤처 부산
f_f000324,해운대 해수욕장
f_f000324,아난티 힐튼 부산
f_f000324,해운대 해수욕장
f_f000324,부산과학체험관
f_f000324,기장시장
f_f000324,해운대 해수욕장
f_f000333,더베이101
f_f000333,해운대 해수욕장
f_f000333,동백섬
f_f000336,해운대 해수욕장
f_f000336,서프 짐
f_f000336,초량 차이나타운
f_f000336,해운대 해수욕장
f_f000336,더 브리지
f_f000336,씨라이프 부산아쿠아리움
f_f000341,홈플러스 부산 반여점
f_f000349,바르미 샤부샤부 앤 칼국수 롯데몰 동부산점
f_f000349,이케아 동부산점
f_f000356,해동용궁사
f_f000356,롯데월드 어드벤처 부산
f_f000356,롯데몰 메종 동부산
f_f000356,해운대 블루라인파크
f_f000371,해운대 해수욕장
f_f000371,딥 플로어 커피
f_f000371,동백반
f_f000371,자갈치시장
f_f000376,광안리 해수욕장
f_f000376,흰여울문화마을
f_f000376,수영만 요트경기장
f_f000376,해운대 해수욕장
f_f000380,착시미술관
f_f000380,해운대 해수욕장
f_f000381,영도대교
f_f000381,전포카페거리
f_f000381,원각사
f_f000381,자갈치시장
f_f000381,볼스
f_f000381,서면 횟집
f_f000381,송상현 광장
f_f000398,국제시장
f_f000398,국제시장
f_f000398,부평깡통시장
f_f000398,용두산공원
f_f000398,BNK 부산은행 아트시네마
f_f000413,해운대 블루라인파크
f_f000413,해운대 해수욕장
f_f000413,요트 탈래
f_f000415,아이스크림 스토리 부산 광안점
f_f000415,분홍이네
f_f000415,광안리 해수욕장
f_f000415,송정 해수욕장
f_f000415,광안리 선물가게
f_f000415,송정 옛길
f_f000415,오향 마족
f_f000426,서면 1번가
f_f000426,국립해양박물관
f_f000426,서면 데시앙 스튜디오 오피스텔
f_f000426,서면 데시앙 스튜디오 오피스텔
f_f000497,임시수도기념관
f_f000497,해동용궁사
f_f000497,부산시립박물관
f_f000497,합천 돼지국밥
f_f000509,해동용궁사
f_f000509,이케아 동부산점
f_f000509,밀락 더 마켓
f_f000509,KT&G상상마당 부산
f_f000509,크레이지 서퍼스
f_f000509,밀락 더 마켓
f_f000517,해운대 해수욕장
f_f000517,해운대 해수욕장
f_f000517,해운대 해수욕장
f_f000529,신세계백화점 센텀시티점
f_f000529,광안리 해수욕장
f_f000529,밀락 더 마켓
f_f000529,국제시장
f_f000531,고운 최치원 선생 동상
f_f000531,흰여울문화마을
f_f000531,국제시장
f_f000531,해동용궁사
f_f000531,광안리 해수욕장
f_f000531,광안리 해수욕장
f_f000531,해운대 해수욕장
f_f000552,스타벅스 명지국제 신도시점
f_f000560,국제시장
f_f000560,스타필드시티 명지
f_f000577,부평깡통시장
f_f000577,삼광사 연등축제
f_f000577,송도 해수욕장
f_f000577,롯데백화점 광복점
f_f000577,해운대 해수욕장
f_f000582,부산시민공원
f_f000582,갤러리 안경 서면 1번가점
f_f000582,트레이더스 홀세일 클럽 서면점
f_f000582,흰여울문화마을
f_f000582,광안리 해수욕장
f_f000582,판도라 보드게임카페
f_f000608,광안리 해수욕장
f_f000608,행리단길
f_f000608,해운대 블루라인파크
f_f000608,전포카페거리
f_f000608,흰여울문화마을
f_f000608,해운대 해수욕장
f_f000608,밀락 더 마켓
f_f000645,영도해녀촌
f_f000645,자갈치시장
f_f000645,BIFF 광장
f_f000645,해운대 해수욕장
f_f000662,광안리 해수욕장
f_f000675,광안리 해수욕장
f_f000675,전포카페거리
f_f000675,신세계백화점 센텀시티점
f_f000675,해운대 해수욕장
f_f000675,시그니엘 부산
f_f000679,해운대 해수욕장
f_f000679,신세계백화점 센텀시티점
f_f000679,광안리 해수욕장
f_f000679,송림공원
f_f000679,부산 시립미술관
f_f000679,밀락 더 마켓
f_f000679,전포카페거리
f_f000692,해운대 해수욕장
f_f000692,동백섬
f_f000692,해동용궁사
f_f000692,송정 블루 캐슬
f_f000693,부산 현대미술관
f_f000693,석불사
f_f000693,을숙도 생태공원
f_f000693,아트 몰링 부산본점
f_f000695,힐링 서프
f_f000695,UN 조각 공원
f_f000695,부산요트투어
f_f000695,다이아몬드 베이
f_f000695,BIFF 광장
f_f000695,착한 횟집
f_f000695,초량 차이나타운
f_f000695,향인정
f_f000705,스파오 경성대몰렛점
f_f000707,더베이101 
f_f000707,죽성드림세트장
f_f000707,이중섭거리
f_f000708,더베이101 
f_f000708,해운대 해수욕장
f_f000708,송정 해수욕장
f_f000713,광안리 해수욕장
f_f000713,해운대 전통시장
f_f000713,동백섬
f_f000713,해운대 해수욕장
f_f000733,삼광사
f_f000749,다대포해수욕장
f_f000749,다대포해수욕장
f_f000749,송정 해수욕장
f_f000749,해동용궁사
f_f000762,해운대 해수욕장
f_f000762,기장해녀촌 
f_f000762,밀락 더 마켓
f_f000762,흰여울문화마을
f_f000762,송정 해수욕장
f_f000762,죽성드림세트장
f_f000762,엑스더스카이
f_f000762,부산 수영 요트계류장
f_f000764,송도구름산책로
f_f000764,자갈치시장
f_f000764,부산요트투어
f_f000764,광안리 해수욕장
f_f000764,해운대 해수욕장
f_f000764,태종대
f_f000797,신세계백화점 센텀시티점
f_f000797,해운대 해수욕장
f_f000807,해운대 해수욕장
f_f000807,행리단길
f_f000807,해운대 전통시장
f_f000809,해운대 해수욕장
f_f000809,광안리 해수욕장
f_f000809,해운대수목원
f_f000809,대천 산림문화공원
f_f000809,해운대 도서관
f_f000809,청사포 어항 북 방파제 등 대
f_f000809,해운대 해수욕장
f_f000809,브래킷 테이블
f_f000809,F1963
f_f000809,송정 해수욕장
f_f000809,황령산
f_f000809,포셋 전포점
f_f000809,라이언 홀리데이 인 부산
f_f000809,광안리 해수욕장
f_f000816,도쿄시장 부산 서면점
f_f000816,런닝맨 부산점
f_f000816,해운대 해수욕장
f_f000816,광안리 해수욕장
f_f000816,민락수변공원
f_f000834,해운대 해수욕장
f_f000834,부산어촌민속관
f_f000834,화명 장미공원
f_f000834,신세계백화점 센텀시티점
f_f000848,이케아 동부산점
f_f000848,롯데프리미엄아울렛 동부산점
f_f000864,송정 해수욕장
f_f000864,해운대 해수욕장
f_f000864,송정 해수욕장
f_f000864,해운대 해수욕장
f_f000864,코랄 라느니
f_f000864,아이 코인 노래연습장
f_f000864,송정 해수욕장
f_f000873,삼광사 연등축제
f_f000873,해동용궁사
f_f000873,화명 장미공원
f_f000875,광안리 해수욕장
f_f000875,광안리 해수욕장
f_f000875,부산시립박물관
f_f000875,부평깡통시장
f_f000877,명품 물회 송정 본점
f_f000877,좌광천
f_f000894,광안리 해수욕장
f_f000894,밀락 더 마켓
f_f000894,부평깡통시장
f_f000894,광안리 해수욕장
f_f000894,부산 사직종합운동장
f_f000896,청사포 어항 북 방파제 등 대
f_f000896,해운대 전통시장
f_f000896,메가마트 기장점
f_f000896,피아크
f_f000896,스카이라인 루지 부산
f_f000896,해운대 전통시장
f_f000899,흰여울문화마을
f_f000899,밀락 더 마켓
f_f000899,국립해양박물관
f_f000899,국제시장
f_f000899,청학시장
f_f000899,흰여울문화마을
f_f000899,BIFF 광장
f_f000899,광안리 해수욕장
f_f000954,영화의전당
f_f000954,미쏘 서면점
f_f000954,레드 버튼 서면 2호점
f_f000958,롯데월드 어드벤처 부산
f_f000975,광안리 해수욕장
f_f000975,롯데프리미엄아울렛 동부산점
f_f000975,민락수변공원
f_f000975,해동용궁사
f_f000976,부산 근현대 역사관 별관
f_f000976,국립해양박물관
f_f000976,부평깡통시장
f_f000976,국제시장
f_f001015,해운대 전통시장
f_f001015,민락수변공원
f_f001015,해운대 해수욕장
f_f001015,NC백화점 해운대점
f_f001015,광안리 해수욕장
f_f001015,밀락 더 마켓
f_f001015,광안리 해수욕장
f_f001031,해운대 블루라인파크
f_f001043,광안리 해수욕장
f_f001043,해운대 해수욕장
f_f001043,부평깡통시장
f_f001043,흰여울문화마을
f_f001043,부산요트투어
f_f001043,해운대 블루라인파크
f_f001043,밀락 더 마켓
f_f001043,해운대 블루라인파크
f_f001058,자갈치시장
f_f001058,중리 노을 전망대
f_f001058,부산타워
f_f001058,흰여울문화마을
f_f001058,부산역
f_f001058,부평깡통시장
f_f001075,남포동 거리
f_f001075,명란 브랜드 연구소
f_f001075,송정 해수욕장
f_f001078,광복로 패션거리
f_f001078,국립해양박물관
f_f001078,해운대 해수욕장
f_f001078,부산 침례교회
f_f001078,국제시장
f_f001078,태종대
f_f001078,해운대 전통시장
f_f001078,해운대 해수욕장
f_f001083,아난 티코 브
f_f001083,해운대 해수욕장
f_f001083,아난 티코 브 살롱 드의 터널 저니
f_f001083,누리마루 APEC하우스
f_f001083,밀락 더 마켓
f_f001083,기장해녀촌 
f_f001083,국립부산과학관
f_f001083,해동용궁사
f_f001083,라이언 홀리데이 인 부산
f_f001083,해운대 해수욕장
f_f001097,밀락 더 마켓
f_f001097,밀락 더 마켓
f_f001097,좌동 성당
f_f001097,센텀시티 스파랜드
f_f001101,수영만 요트경기장
f_f001130,국제시장
f_f001137,광안리 해수욕장
f_f001137,밀락 더 마켓
f_f001137,전포 밥집
f_f001137,밀락 더 마켓
f_f001137,롯데백화점 광복점
f_f001137,밀락 더 마켓
f_f001165,광안리 해수욕장
f_f001165,스카이라인 루지 부산
f_f001165,해동용궁사
f_f001168,영도 도서관
f_f001168,롯데백화점 광복점
f_f001168,하리 방파제
f_f001168,롯데월드 어드벤처 부산
f_f001168,고향 연화
f_f001179,BIFF 광장
f_f001179,해동용궁사
f_f001179,청사포 다릿돌 전망대
f_f001179,부평깡통시장
f_f001179,송정 해수욕장
f_f001179,해운대 달맞이 길
f_f001179,청사포 역
f_f001179,롯데백화점 광복점
f_f001179,죽도공원
f_f001179,흰여울문화마을
f_f001179,중리 노을 전망대
f_f001179,무지개다리
f_f001179,구름 속의 산책
f_f001179,송도 거북 섬
f_f001179,충무동 해안 시장
f_f001179,용두산공원
f_f001179,송도 해수욕장
f_f001179,흰여울문화마을
f_f001179,송도 해수욕장
f_f001186,추억 보물섬
f_f001186,감천문화마을
f_f001187,흰여울문화마을
f_f001187,부산요트투어
f_f001187,비트로 볼링장
f_f001187,해운대 해수욕장
f_f001187,태종대
f_f001190,국제시장
f_f001190,해동용궁사
f_f001190,호랑 대공원
f_f001192,감천문화마을
f_f001208,신세계백화점 센텀시티점
f_f001208,이케아 동부산점
f_f001208,더베이101
f_f001208,신세계 프리미엄 아웃렛 부산
f_f001217,부산 시민회관
f_f001246,해물 포장마차촌
f_f001246,이케아 동부산점
f_f001246,광안리 해수욕장
f_f001246,부산요트투어
f_f001246,롯데 프리미엄 아웃렛 동부산점
f_f001246,광안리 해수욕장
f_f001246,행리단길
f_f001253,해운대 해수욕장
f_f001253,롯데 프리미엄 아웃렛 동부산점
f_f001255,더베이101
f_f001255,초량 이바구길
f_f001255,요트 탈래
f_f001255,광안리 해수욕장
f_f001255,삼정타워
f_f001255,런닝맨 부산점
f_f001255,해운대 해수욕장
f_f001255,자갈치시장
f_f001255,밀락 더 마켓
f_f001255,부산항 동삼동 어항방파제 등대
f_f001257,비트 포비아 서면 던전점
f_f001257,부산 현대미술관
f_f001257,광안리 해수욕장
f_f001257,을숙도 생태공원
f_f001257,부산시민공원
f_f001264,아홉산 숲
f_f001264,자갈치시장
f_f001264,해운대 해수욕장
f_f001264,남항 유람선 선착장
f_f001266,송정 해수욕장
f_f001266,대변항 월드컵 기념 등대
f_f001268,광안리 해수욕장
f_f001268,BIFF 광장
f_f001268,송도구름산책로
f_f001268,부평깡통시장
f_f001268,해동용궁사
f_f001268,태종대
f_f001268,송림공원
f_f001268,동백섬
f_f001268,해운대 해수욕장
f_f001268,흰여울문화마을
f_f001268,초량 차이나타운
f_f001268,아홉산 숲
f_f001268,국제시장
f_f001268,오륙도 스카이워크
f_f001273,해동용궁사
f_f001273,동백섬
f_f001273,태종대
f_f001273,BIFF 광장
f_f001273,오륙도 스카이워크
f_f001273,국제시장
f_f001273,암남공원
f_f001273,자갈치시장
f_f001273,송도구름산책로
f_f001282,광안리 해수욕장
f_f001282,로우 앤스 웃
f_f001282,영화의전당
f_f001282,센텀 맥주축제
f_f001282,제 닉스 아레나 PC
f_f001282,롯데 프리미엄 아웃렛 동부산점
f_f001282,맥이 스피드 PC방 센텀 직영점
f_f001282,해운대 해수욕장
f_f001282,신세계 프리미엄 아웃렛 부산
f_f001294,태종대
f_f001294,이케아 동부산점
f_f001294,국립해양박물관
f_f001294,롯데 프리미엄 아웃렛 동부산점
f_f001294,국제시장
f_f001294,광안리 해수욕장
f_f001304,BIFF 광장
f_f001304,흰여울문화마을
f_f001304,장성향
f_f001304,롯데백화점 광복점
f_f001304,흰여울문화마을
f_f001304,롯데자이언츠
f_f001358,정관박물관
f_f001372,해운대 해수욕장
f_f001373,롯데 프리미엄 아웃렛 동부산점
f_f001373,죽성드림세트장
f_f001373,부산 시립미술관
f_f001384,흰여울문화마을
f_f001384,롯데월드 어드벤처 부산
f_f001384,해운대 해수욕장
f_f001402,광안리 해수욕장
f_f001402,광안리 해수욕장
f_f001402,민락수변공원
f_f001402,흰여울문화마을
f_f001406,행리단길
f_f001406,광안리 해수욕장
f_f001406,해운대 해수욕장
f_f001406,해동용궁사
f_f001406,민락수변공원
f_f001406,흰여울문화마을
f_f001406,광안리 해수욕장
f_f001414,광안리 해수욕장
f_f001414,밀락 더 마켓
f_f001414,삼광사
f_f001414,전포카페거리
f_f001419,해운대 해수욕장
f_f001419,국제시장
f_f001419,용두산공원
f_f001419,재한유엔기념공원
f_f001419,태종대
f_f001419,초량 이바구길
f_f001419,영도대교
f_f001430,광안리 해수욕장
f_f001430,해운대 해수욕장
f_f001430,부평깡통시장
f_f001430,수영만 요트경기장
f_f001430,스카이라인 루지 부산
f_f001430,흰여울문화마을
f_f001463,회 무침에 낮술 한 잔
f_f001463,태종대
f_f001463,국제시장
f_f001463,흰여울문화마을
f_f001463,흰여울문화마을
f_f001463,해운대 해수욕장
f_f001463,자갈치시장
f_f001463,해운대 해수욕장
f_f001468,해운대 해수욕장
f_f001468,국제시장
f_f001468,해운대 해수욕장
f_f001468,광안리 해수욕장
f_f001468,광안리 해수욕장
f_f001468,부평깡통시장
f_f001468,민락수변공원
f_f001473,아세안 문화원
f_f001478,광안리 해수욕장
f_f001478,KT&G상상마당 부산
f_f001478,흰여울문화마을
f_f001478,롯데백화점 부산본점
f_f001478,럽꾸악세사리
f_f001478,히피 몬드 리빙
f_f001478,인 더 스트리트 부산 해운대점
f_f001478,광안리 해수욕장
f_f001482,송정 해수욕장
f_f001482,해동용궁사
f_f001482,해운대 블루라인파크
f_f001482,국제시장
f_f001482,청사포 다릿돌 전망대
f_f001482,해운대 이벤트광장
f_f001482,흰여울문화마을
f_f001482,BIFF 광장
f_f001482,문탠로드
f_f001484,해운대 해수욕장
f_f001484,동백섬
f_f001509,광안리 해수욕장
f_f001509,부산요트투어
f_f001509,민락수변공원
f_f001509,부평깡통시장
f_f001509,흰여울문화마을
f_f001509,광안리 해수욕장
f_f001545,해운대 해수욕장
f_f001545,신세계백화점 센텀시티점
f_f001545,부산아시아드 보조경기장
f_f001545,부산아시아드 보조경기장
f_f001545,아저씨 대구탕
f_f001562,광안리 해수욕장
f_f001566,승학산
f_f001566,신세계백화점 센텀시티점
f_f001566,롯데백화점 센텀시티점
f_f001623,포르타나 광안점
f_f001623,황령산
f_f001623,롯데백화점 부산본점
f_f001623,광안리 해수욕장
f_f001627,롯데몰 메종 동부산
f_f001627,롯데 프리미엄 아웃렛 동부산점
f_f001627,롯데 프리미엄 아웃렛 동부산점
f_f001653,국제시장
f_f001653,흰여울문화마을
f_f001653,삼광사
f_f001653,부평깡통시장
f_f001653,광안리 해수욕장
f_f001653,송정 해수욕장
f_f001653,해동용궁사
f_f001653,수영만 요트경기장
f_f001653,해운대 해수욕장
f_f001653,태종대
f_f001666,롯데백화점 광복점
f_f001666,국제시장
f_f001670,KT&G상상마당 부산
f_f001686,송도 해수욕장
f_f001686,국제시장
f_f001711,롯데 프리미엄 아웃렛 동부산점
f_f001719,몰운대
f_f001719,다대포해수욕장
f_f001719,을숙도 생태공원
f_f001746,영도다리 횟집
f_f001746,롯데백화점 광복점
f_f001746,남포지하쇼핑센터
f_f001746,롯데백화점 광복점
f_f001746,BIFF 광장
f_f001746,자갈치시장
f_f001766,롯데 프리미엄 아웃렛 동부산점
f_f001766,KBS 부산홀
f_f001777,광안리 해수욕장
f_f001777,온천천카페거리
f_f001777,금강공원
f_f001798,해운대 전통시장
f_f001798,행리단길
f_f001798,해운대 해수욕장
f_f001798,광안리 해수욕장
f_f001844,KT&G상상마당 부산
f_f001844,이터널 저니
f_f001844,전포카페거리
f_f001846,신세계백화점 센텀시티점
f_f001846,광안리 해수욕장
f_f001854,재성 밀면
f_f001854,부평깡통시장
f_f001854,광안리 해수욕장
f_f001854,광안리 해수욕장
f_f001854,해운대 해수욕장
f_f001854,국제시장
f_f001892,초량 차이나타운
f_f001972,민락수변공원
f_f001972,아세안 문화원
f_f001972,유동 커피 광안점
f_f001974,광안리 해수욕장
f_f002007,트레이더스 홀세일 클럽 연산점
f_f002039,롯데백화점 부산본점
f_f002039,광안리 해수욕장
f_f002063,밀락 더 마켓
f_f002063,해운대 전통시장
f_f002087,롯데 프리미엄 아웃렛 동부산점
f_f002097,KT&G상상마당 부산
f_f002097,해운대 블루라인파크
f_f002097,송림공원
f_f002097,해운대 해수욕장
f_f002097,다대포해수욕장
f_f002097,해운대 해수욕장
f_f002102,해운대 해수욕장
f_f002102,민락수변공원
f_f002114,화명생태공원
f_f002117,이케아 동부산점
f_f002117,아홉산 숲
f_f002117,해동용궁사
f_f002477,황령산
f_f002477,보광사
f_f002477,스콜
f_f002501,해운대 해수욕장
f_f002501,남해횟집
f_f002501,야시장
f_f002501,자갈치시장
f_f002501,송정 해수욕장
f_f002507,KT&G상상마당 부산
f_f002507,광안리 해수욕장
f_f002507,KT&G상상마당 부산
f_f002524,국제시장
f_f002524,BNK 부산은행 아트시네마
f_f002524,국제시장
f_f002554,롯데월드 어드벤처 부산
f_f002554,롯데월드 어드벤처 부산
f_f002554,롯데 프리미엄 아웃렛 동부산점
f_f002557,삼락생태공원
f_f002557,서면 1번가
f_f002557,전포카페거리
f_f002557,부전시장
f_f002568,민락수변공원
f_f002568,이 송도 전망대
f_f002568,흰여울문화마을
f_f002568,광안리 해수욕장
f_f002596,이기대해안산책로
f_f002596,KT&G상상마당 부산
f_f002596,이기대해안산책로
f_f002596,송도 해수욕장
f_f002596,피아크
f_f002662,부산 사직종합운동장
f_f002662,홈플러스 아시아드점 푸트코트
f_f002665,포니 필름
f_f002665,LUFT MANSION (루프트 맨션)
f_f002665,해운대 전통시장
f_f002665,해운대 해수욕장
f_f002665,행리단길
f_f002788,해운대 해수욕장
f_f002788,롯데 프리미엄 아웃렛 동부산점
f_f002788,라이언 홀리데이 인 부산
f_f002840,해운대 블루라인파크
f_f002840,핑거스앤쳇
f_f002840,해운대 해수욕장
f_f002840,광안리 해수욕장
f_f002840,해운대 블루라인파크
f_f002840,청사포 다릿돌 전망대
f_f002846,흰여울문화마을
f_f002914,다대포해수욕장
f_f002925,흰여울문화마을
f_f002925,태종대
f_f003168,땅뫼산
f_f003217,롯데백화점 광복점
f_f003217,드림시어터
f_f003385,용호 별빛공원
f_f003385,삼정타워
f_f003385,롯데백화점 부산본점
f_f003410,오륙도 스카이워크
f_f003426,죽성드림세트장
f_f003426,너도
f_f003426,행리단길
f_f003443,이케아 동부산점
f_f003443,임랑해수욕장
f_f003444,망고 부산 서면점
f_f003444,갤러리 래
f_f003444,송정 해수욕장
f_f003444,해운대 해수욕장
f_f003444,롯데백화점 부산본점
f_f003448,광복로 패션거리
f_f003453,창비 부산
f_f003453,광안리 해수욕장
f_f003464,브라운 핸즈 백제점
f_f003512,광안리 해수욕장
f_f003617,광안리 해수욕장
f_f003617,송정 해수욕장
f_f003640,부산 현대미술관
f_f003640,다대포해수욕장
f_f003640,을숙도 생태공원
f_f003650,민락수변공원
f_f003650,밀락 더 마켓
f_f003650,광안리 해수욕장
f_f003651,온천천카페거리
f_f003672,롯데백화점 부산본점
f_f003672,오브젝트 서면점
f_f003672,NC백화점 서면점
f_f003679,르네에 떼
f_f003679,삼락생태공원
f_f003704,씨라이프 부산아쿠아리움
f_f003704,해운대 해수욕장
f_f003704,NC백화점 해운대점
f_f003729,구포시장
f_f003729,화명생태공원
f_f003729,범어사
f_f003737,신세계 프리미엄 아웃렛 부산
f_f003744,서면 1번가
f_f003749,키자니아 부산
f_f003763,광안리 해수욕장
f_f003763,해운대 블루라인파크
f_f003768,벡스코
f_f003768,해운대 해수욕장
f_f003798,송정 해수욕장
f_f003798,서프짐
f_f003798,서프짐
f_f003804,스타필드시티 명지
f_f003804,부산 현대미술관
f_f003836,쥬디스태화
f_f003836,유아리 광장
f_f003836,부산영화체험 박물관
f_f003854,밀락 더 마켓
f_f003854,광안리 해수욕장
f_f003854,크레이지 서퍼스
f_f003868,동백섬
f_f003868,삼정타워
f_f003885,흰여울문화마을
f_f003885,국립해양박물관
f_f003926,민락수변공원
f_f003934,델리나
f_f003934,KT&G상상마당 부산
f_f003934,현대모터 스튜디오 부산
f_f003934,뮤지엄 원
f_f003934,story A 부산
f_f003934,퍼플
f_f003934,서면 미술관
f_f004020,밀락 더 마켓
f_f004020,NC백화점 서면점
f_f004030,스타벅스 광안 비치점
f_f004030,광안리 해수욕장
f_f004030,북항재개발구역
f_f004123,밀락 더 마켓
f_f004123,수영만 요트경기장
f_f004166,해운대 해수욕장
f_f004166,블루 보틀 커피 트럭 부산
f_f004191,광안리 해수욕장
f_f004191,광안리 해수욕장
f_f004192,롯데백화점 부산본점
f_f004192,송정 삼대 국밥
f_f004192,광안리 해수욕장
f_f004192,롯데백화점 부산본점
f_f004255,해운대 해수욕장
f_f004255,해운대 해수욕장
f_f004276,광안리 해수욕장
f_f004380,해동용궁사
f_f004380,롯데 프리미엄 아웃렛 동부산점
f_f004385,일광이 전 생태공원
f_f004385,롯데 프리미엄 아웃렛 동부산점
f_f004393,해동용궁사
f_f004393,동암
f_f004465,오버랩
f_f004465,이 터널 저니
f_f004465,롯데 프리미엄 아웃렛 동부산점
f_f004466,광안리 해수욕장
f_f004466,신세계백화점 센텀시티점
f_f004466,연일 전통시장
f_f004466,광안리 해수욕장
f_f004535,해동용궁사
f_f004535,죽성드림세트장
f_f004535,기장시장
f_f004556,광안리 해수욕장
f_f004556,밀락 더 마켓
f_f004556,벡스코
f_f004558,해운대 블루라인파크
f_f004558,민락수변공원
f_f004558,광안리 해수욕장
f_f004558,해운대 해수욕장
f_f004558,서면 미술관
f_f004578,별 한 스푼
f_f004578,광안리 해수욕장
f_f004578,포셋 전포점
f_f004578,CRR 3호점
f_f004578,마가린 상점
f_f004578,부산 사직종합운동장
f_f004578,옥 당분식
f_f004578,트윈에뚜왈
f_f004694,광안리 해수욕장
f_f004694,광안리 해수욕장
f_f004694,동백섬
f_f004694,밀락 더 마켓
f_f004718,동백섬
f_f004718,해운대 해수욕장
f_f004719,송정동 핫도그 송정점
f_f004719,클럽 디 오아시스
f_f004729,대방 디엠 시티 오션 스퀘어
f_f004729,트레이더스 홀세일 클럽 명지점
f_f004836,삼정타워
f_f004836,광안리 해수욕장
f_f004888,프루토프루타
f_f004888,광안리 해수욕장
f_f004888,KT&G상상마당 부산
f_f004892,광안리 해수욕장
f_f004892,죽성드림세트장
f_f004892,이케아 동부산점
f_f004892,영화의전당
f_f004892,일광 해수욕장
f_f004892,부산 시립미술관
f_f004911,광안리 해수욕장
f_f004996,롯데백화점 부산본점
f_f004996,부산 아시아드 주경기장
f_f004996,부산 아시아드 주경기장
f_f004996,해운대 이벤트광장
f_f005080,행리단길
f_f005080,엑스더스카이
f_f005080,밀락 더 마켓
f_f005080,광안리 해수욕장
f_f005171,부산대학교 인문관
f_f005171,NC백화점 부산대점
f_f005214,코엔 클로
f_f005214,쿠이
f_f005214,TROUBADOUR 서면점
f_f005214,롯데 프리미엄 아웃렛 동부산점
f_f005214,이케아 동부산점
f_f005244,슬로 뮤지엄
f_f005244,해운대 해수욕장
f_f005274,오프
f_f005274,부경대학교 대학극장
f_f005274,광안리 해수욕장
f_f005274,해운대 해수욕장
f_f005274,부경대학교 대학극장
f_f005334,해운대 해수욕장
f_f005334,해운대 해수욕장
f_f005334,행리단길
f_f005334,신세계백화점 센텀시티점
f_f005345,부산 사직종합운동장
f_f005345,해운대 해수욕장
f_f005345,행리단길
f_f005345,해운대 해수욕장
f_f005350,송정 해수욕장
f_f005350,서프 홀릭 빌리지
f_f005410,클럽 디 오아시스
f_f005424,창비 부산
f_f005424,광안리 해수욕장
f_f005431,부평깡통시장
f_f005431,부평깡통시장
f_f005431,남포동 포장마차 거리
f_f005431,라이언 홀리데이 인 부산
f_f005512,부산 아시아드 주경기장
f_f005512,송정 해수욕장
f_f005512,서프 로드
f_f005519,부평깡통시장
f_f005519,부산 시립미술관
f_f005519,국제시장
f_f005559,전포카페거리
f_f005559,부산 아시아드 주경기장
f_f005559,꿈꾸는 다락방
f_f005590,광안리 해수욕장
f_f005590,전포카페거리
f_f005615,다대포해수욕장
f_f005615,다대포해수욕장
f_f005615,다대포해수욕장
f_f005615,다대포해수욕장
f_f005615,다대포해수욕장
f_f005677,롯데 프리미엄 아웃렛 동부산점
f_f005677,송정 해수욕장
f_f005680,광안리 해수욕장
f_f005680,광안리 해수욕장
f_f005680,광안리 해수욕장
f_f005680,용두산공원
f_f005680,해운대 해수욕장
f_f005680,광복로 패션거리
f_f005680,행리단길
f_f005680,감천문화마을
f_f005680,국제시장
f_f005680,국제시장
f_f005680,밀락 더 마켓
f_f005680,청사포 다릿돌 전망대
f_f005769,더베이101
f_f005769,밀락 더 마켓
f_f005787,신세계 프리미엄 아웃렛 부산
f_f005840,남포지하쇼핑센터
f_f005840,송도해상케이블카 송도베이스테이션
f_f005840,롯데백화점 광복점
f_f005840,벡스코
f_f005840,신세계백화점 센텀시티점
f_f005840,국제시장
f_f005925,광안리 해수욕장
f_f005946,해운대 달맞이 길
f_f005946,아난티 힐튼 부산
f_f005946,이케아 동부산점
f_f005983,부경양돈 MF 신관 안점
f_f006082,신세계백화점 센텀시티점
f_f006082,해운대 해수욕장
f_f006082,해운대 해수욕장
f_f006082,해운대 해수욕장
f_f006085,기장시장
f_f006085,해동용궁사
f_f006085,일광 해수욕장
f_f006335,아홉산 숲
f_f006335,부산 화명수목원
f_f006337,광안리 해수욕장
f_f006337,밀락 더 마켓
f_f006337,신세계백화점 센텀시티점
f_f006353,신세계 프리미엄 아웃렛 부산
f_f006353,모 브랜드 부산 아웃렛점
f_f006359,이케아 동부산점
f_f006368,부산 사직종합운동장
f_f006368,뮤지엄 원
f_f006372,대변항
f_f006372,디원 베이커리 카페
f_f006372,부산타워
f_f006372,BIFF 광장
f_f006374,롯데백화점 부산본점
f_f006374,서면 1번가
f_f006374,롯데백화점 부산본점
f_f006374,서면시장
f_f006389,다대포해수욕장
f_f006401,대천천 누리길
f_f006401,부산 화명수목원
f_f006402,스타필드시티 명지
f_f006633,해운대 해수욕장
f_f006633,해운대 해수욕장
f_f006633,전포카페거리
f_f006633,해운대 전통시장
f_f006633,오비아 광안점
f_f006633,광안리 해수욕장
f_f006633,점포 사잇길
f_f006659,롯데월드 어드벤처 부산
f_f006687,KT&G상상마당 부산
f_f006687,아모레 부산
f_f006914,광안리 해수욕장
f_f006914,콩테 무아
f_f006924,KT&G상상마당 부산
f_f007065,이 송도 전망대
f_f007065,흰여울문화마을
f_f007093,행리단길
f_f007093,해운대 해수욕장
f_f007233,부산아시아드 보조경기장
f_f007233,롯데백화점 부산본점
f_f007233,센텀시티 스파랜드
f_f007233,신세계백화점 센텀시티점
f_f007246,올더 어글리 쿠키
f_f007246,남포동 먹자골목
f_f007246,부산아시아드 보조경기장
f_f007246,광안리 해수욕장
f_f007254,밀락 더 마켓
f_f007254,광안리 해수욕장
f_f007254,미포항
f_f007254,광안리 해수욕장
f_f007479,금련산
f_f007479,갈맷길 2코스 2구간
f_f007479,부산 시립미술관
f_f007479,서면 미술관
f_f007502,광복로 패션거리
f_f007502,흰여울문화마을
f_f007502,광안리 해수욕장
f_f007502,광복로 패션거리
f_f007502,영도대교 포장마차거리
f_f007502,롯데백화점 광복점
f_f007520,해운대 해수욕장
f_f007520,러브 액추얼리
f_f007520,히피 몬드
f_f007530,다대포해수욕장
f_f007533,부산 현대미술관
f_f007550,전포카페거리
f_f007550,아홉산 숲
f_f007550,해동용궁사
f_f007550,KT&G상상마당 부산
f_f007550,스카이라인 루지 부산
f_f007550,을크니 손칼국수 기장
f_f007550,부산요트투어
f_f007690,부평깡통시장
f_f007719,롯데마트 광복점
f_f007731,일광 해수욕장
f_f007862,해동용궁사
f_f007862,일광 해수욕장
f_f007862,롯데 프리미엄 아웃렛 동부산점
f_f007937,상국이네
f_f007937,러브 이즈 기방 하트 베어 3호점
f_f007937,광안리 해수욕장
f_f007937,해운대 해수욕장
f_f007937,해운대 해수욕장
f_f007943,비트로 볼링장
f_f007943,소요기
f_f007943,KT&G상상마당 부산
f_f007943,광안리 해수욕장
f_f007943,동백섬
f_f007961,브래킷 테이블
f_f007961,페이퍼 가든
f_f007961,광안리 해수욕장
f_f007965,전포카페거리
f_f007965,전포카페거리
f_f007965,서면 미술관
f_f007965,부산시민공원
f_f007965,부산시민공원
f_f007965,서면 1번가
f_f008082,공차 부산 해운대구청점
f_f008082,트릭아이 뮤지엄 부산점
f_f008082,롯데백화점 부산본점
f_f008082,해동용궁사
f_f008082,청사포 다릿돌 전망대
f_f008082,송정 해수욕장
f_f008082,나가 하마만 게츠
f_f008082,엑스더스카이
f_f008082,신세계백화점 센텀시티점
f_f008094,해운대 해수욕장
f_f008094,라이언 홀리데이 인 부산
f_f008094,밀락 더 마켓
f_f008094,광안리 해수욕장
f_f008177,BNK 부산은행 본점
f_f008177,광안리 해수욕장
f_f008178,수영만 요트경기장
f_f008178,아홉산 숲
f_f008180,임랑해수욕장
f_f008181,해운대 영화의거리
f_f008181,덕선 요가
f_f008181,해운대 해수욕장
f_f008198,광안리 해수욕장
f_f008198,해운대 해수욕장
f_f008198,서면 미술관
f_f008198,이케아 동부산점
f_f008203,광안리 해수욕장
f_f008203,해운대 해수욕장
f_f008203,F1963
f_f008203,현대 모터 스튜디오 부산
f_f008203,KT&G상상마당 부산
f_f008203,서면 1번가
f_f008203,밀락 더 마켓
f_f008258,송정 해수욕장
f_f008258,무브먼트 래 부산
f_f008258,신세계백화점 센텀시티점
f_f008268,행리단길
f_f008268,광안리 해수욕장
f_f008268,흰여울문화마을
f_f008276,광안리 해수욕장
f_f008276,이재모 피자 서면점
f_f008276,마벨 미뇽
f_f008276,신세계백화점 센텀시티점
f_f008276,해운대 해수욕장
f_f008276,트레이더스 홀세일 클럽 연산점
f_f008308,광안리 해수욕장
f_f008308,흰여울문화마을
f_f008308,KT&G상상마당 부산
f_f008308,해운대 해수욕장
f_f008308,해운대 해수욕장
f_f008352,러브이즈기빙하트베어 서면점
f_f008352,밀락 더 마켓
f_f008352,광안리 해수욕장
f_f008352,광안리 해수욕장
f_f008402,광안리 해수욕장
f_f008409,부산광역시 체육회 부산실내빙상장
f_f008409,화명생태공원
f_f008442,일광 해수욕장
f_f008442,사라 수변공원
f_f008442,죽성드림세트장
f_f008442,일광이 전 생태공원
f_f008453,해운대 전통시장
f_f008453,클럽 디 오아시스
f_f008453,삼정타워
f_f008506,광안리 해수욕장
f_f008506,광안리 해수욕장
f_f008506,롯데백화점 광복점
f_f008506,남포지하쇼핑센터
f_f008506,초량 차이나타운
f_f008544,해운대 해수욕장
f_f008560,해동용궁사
f_f008560,롯데 프리미엄 아웃렛 동부산점
f_f008560,롯데 프리미엄 아웃렛 동부산점
f_f008570,다대포해수욕장
f_f008577,해운대 해수욕장
f_f008594,부평깡통시장
f_f008594,흰여울문화마을
f_f008594,용두산공원
f_f008612,롯데 프리미엄 아웃렛 동부산점
f_f008612,송정 해수욕장
f_f008623,라이언 홀리데이 인 부산
f_f008623,해운대 해수욕장
f_f008623,해운대 전통시장
f_f008632,오복 돼지국밥
f_f008632,광안리 해수욕장
f_f008632,흰여울문화마을
f_f008632,광안리 해수욕장
f_f008632,옥천 횟집
f_f008632,이재모 피자 본점
f_f008632,밀락 더 마켓
f_f008794,광안리해양레포츠센터
f_f008794,광안리 해수욕장
f_f008794,남천해변공원
f_f008805,신세계백화점 센텀시티점
f_f008805,광안리 해수욕장
f_f008805,전포카페거리
f_f008805,KT&G상상마당 부산
f_f008805,광안리 해수욕장
f_f008805,광안리 해수욕장
f_f008805,짱 오락실 부산 서면점
f_f008805,밀락 더 마켓
f_f008830,광안리해양레포츠센터
f_f008830,별일 복합문화공간
f_f008836,초량 차이나타운
f_f008836,광안리 해수욕장
f_f008861,광안리 해수욕장
f_f008861,KT&G상상마당 부산
f_f008861,스파오 NC 서면점
f_f008861,롯데백화점 부산본점
f_f008861,롯데백화점 부산본점
f_f008870,광안리 해수욕장
f_f008870,청사포 어항 북 방파제 등대
f_f008870,밀락 더 마켓
f_f008870,서면 1번가
f_f008870,해운대 전통시장
f_f008870,밀락 더 마켓
f_f008877,이케아 동부산점
f_f008877,빵굽
f_f008878,밀락 더 마켓
f_f008878,광안리 해수욕장
f_f008884,남포동 거리
f_f008884,BIFF 광장
f_f008884,시현하다 프레임 레드 화이트 점
f_f008884,국제시장
f_f008884,전포카페거리
f_f008884,국제시장
f_f008884,해운대 해수욕장
f_f008884,요트야
f_f008884,네일뮤티드
f_f008884,신세계백화점 센텀시티점
f_f008923,더베이101
f_f008923,자갈치시장
f_f008923,부산요트투어
f_f008923,센텀시티 스파랜드
f_f009091,자갈치 횟집
f_f009091,해운대 전통시장
f_f009091,해운대 해수욕장
f_f009162,대보름 카페 앤 그라운드
f_f009162,롯데 프리미엄 아웃렛 동부산점
f_f009162,황학대
f_f009162,죽성드림세트장
f_f009162,이케아 동부산점
f_f009175,롯데 프리미엄 아웃렛 동부산점
f_f009189,세븐스타코인 노래연습장 서면점
f_f009203,부산 시립미술관
f_f009203,광안리 해수욕장
f_f009203,랜디스 도넛 광안리점
f_f009461,벡스코
f_f009461,롯데백화점 부산본점
f_f009461,애플아울렛
f_f009461,광안리 해수욕장
f_f009472,해운대 해수욕장
f_f009472,해운대 블루라인파크
f_f009472,해운대 블루라인파크
f_f009472,해운대 블루라인파크
f_f009505,밀락 더 마켓
f_f009505,수영만 요트경기장
f_f009505,부산영화체험 박물관
f_f009505,광안리 해수욕장
f_f009505,부평깡통시장
f_f009505,광안리 해수욕장
f_f009637,BIFF 광장
f_f009637,국립해양박물관
f_f009685,영도하늘전망대
f_f009685,부평깡통시장
f_f009827,다대포해수욕장
f_f009827,KT&G상상마당 부산
f_f009827,다대포해수욕장
f_f009827,아키 수산
f_f009846,해운대 해수욕장
f_f009846,해운대 해수욕장
f_f009846,광안리 해수욕장
f_f009846,아모레 부산
f_f009846,블루 터틀
f_f009846,유가네닭갈비 서면 본점
f_f009858,다대포해수욕장
f_f009858,다대포해수욕장
f_f009858,다대포해수욕장
f_f009882,티 앤 북스 광안점
f_f009882,광안리해양레포츠센터
f_f010006,롯데월드 어드벤처 부산
f_f010006,신세계백화점 센텀시티점
f_f010035,광안리 해수욕장
f_f010035,빈티지 뮤지엄 그로서리
f_f010035,밀락 더 마켓
f_f010035,광안리 해수욕장
f_f010035,소유템 광안리점
f_f010136,하루 필름 부산 광안리점
f_f010136,신세계백화점 센텀시티점
f_f010136,밀락 더 마켓
f_f010136,KT&G상상마당 부산
f_f010136,광안리 해수욕장
f_f010143,신세계백화점 센텀시티점
f_f010143,롯데백화점 센텀시티점
f_f010143,벡스코
f_f010143,벡스코
f_f010143,해운대 해수욕장
f_f010254,부산시민공원
f_f010254,롯데백화점 부산본점
f_f010254,KT&G상상마당 부산
f_f010254,NC백화점 서면점
f_f010254,농축산 마트 광안 쌍용점
f_f010254,부전시장
f_f010254,광안리 해수욕장
f_f010285,신세계백화점 센텀시티점
f_f010285,광안리 해수욕장
f_f010285,행리단길
f_f010285,해운대 해수욕장
f_f010291,광안리 해수욕장
f_f010291,해운대 블루라인파크
f_f010291,해운대 블루라인파크
f_f010291,부산요트투어
f_f010329,시현하다 프레임 레드 화이트 점
f_f010329,서면 미술관
f_f010329,전포카페거리
f_f010340,영도대교 포장마차거리
f_f010340,요트 미르
f_f010340,에 쏘
f_f010340,흰여울문화마을
f_f010463,해동용궁사
f_f010537,밀락 더 마켓
f_f010537,KT&G상상마당 부산
f_f010597,해운대 블루라인파크
f_f010597,민락수변공원
f_f010597,롯데월드 어드벤처 부산
f_f010597,밀락 더 마켓
f_f010597,씨라이프 부산아쿠아리움
f_f010660,광안리 해수욕장
f_f010740,아모레 부산
f_f010740,해운대 해수욕장
f_f010740,해운대 해수욕장
f_f010740,해운대 해수욕장
f_f010740,영화의전당
f_f010740,인 더 스트리트 부산 해운대점
f_f010740,행리단길
f_f010740,행리단길
f_f010766,송도구름산책로
f_f010766,감천문화마을
f_f010766,송도 해수욕장
f_f010783,KT&G상상마당 부산
f_f010783,부산 e스포츠 상설 경기장
f_f010870,해운대 해수욕장
f_f010870,해운대 해수욕장
f_f010870,해운대 블루라인파크
f_f010870,송정 해수욕장
f_f010870,라이언 홀리데이 인 부산
f_f010938,흰여울문화마을
f_f011010,해운대 해수욕장
f_f011010,행리단길
f_f011010,광안리 해수욕장
f_f011010,상국이네
f_f011010,밀락 더 마켓
f_f011016,요트야 놀자
f_f011016,KT&G상상마당 부산
f_f011231,쏘리 낫 쏘리 베이크 숍
f_f011231,해운대 해수욕장
f_f011231,해운대 해수욕장
f_f011231,해운대 해수욕장
f_f011231,부평깡통시장
f_f011231,해동용궁사
f_f011231,국제시장
f_f011231,홈플러스 서부산점
f_f011231,이케아 동부산점
f_f011464,광안리 해수욕장
f_f011464,광안리 해수욕장
f_f011565,부산역
f_f011565,전리단길
f_f011565,흰여울문화마을
f_f011565,광안리 해수욕장
f_f011601,광안리 해수욕장
f_f011601,영커피 초량점
f_f011601,신세계백화점 센텀시티점
f_f011601,해운대 블루라인파크
f_f011601,해동용궁사
f_f011601,요트다
f_f011601,영화의전당
f_f011601,콩 카페 광안리점
f_f011795,흰여울문화마을
f_f011795,샬롯
f_f011795,전포카페거리
f_f011795,해운대 블루라인파크
f_f011795,해동용궁사
f_f011795,해운대 블루라인파크
f_f012122,온 더 플레이트
f_f012122,뮤지엄 원
f_f012126,한샘 디자인파크 부산 센텀점
f_f012126,신세계백화점 센텀시티점
f_f012158,희망 상사
f_f012158,부산진시장
f_f012158,부산진 성공원
f_f012240,봉래산
f_f012240,선생 조그매
f_f012303,클럽 디 오아시스
f_f012321,BNK 부산은행 본점
f_f012442,해운대 전통시장
f_f012442,해운대 해수욕장
f_f012442,행리단길
f_f012442,광안리 해수욕장
f_f012442,수영로교회
f_f012442,수영로교회
f_f012442,수영로교회
f_f012442,해운대 해수욕장
f_f012442,벡스코
f_f012473,롯데 프리미엄 아웃렛 동부산점
f_f012473,흰여울문화마을
f_f012473,우리 마트 지사점
f_f012473,영도해녀촌
f_f012473,광안리 해수욕장
f_f012521,부산 근현대 역사관 별관
f_f012521,흰여울문화마을
f_f012521,흰여울문화마을
f_f012521,자갈치시장
f_f012521,서면 1번가
f_f012521,롯데백화점 부산본점
f_f012521,범천동 호천 마을
f_f012663,동백섬
f_f012663,다대포해수욕장
f_f012663,오구 카페
f_f012663,흰여울문화마을
f_f012663,롯데백화점 광복점
f_f012663,BIFF 광장
f_f012663,부산대학교 부산캠퍼스 정문
f_f012663,신세계 프리미엄 아웃렛 부산
f_f012663,NC백화점 부산대점
f_f012718,고메 밀면
f_f012727,KT&G상상마당 부산
f_f012727,광안리 해수욕장
f_f012727,락휴 노래타운 부산 광안 비치점
f_f012966,빌라쥬 드 아난티
f_f012966,아난티 힐튼 부산 아난티 타운
f_f012966,국립부산과학관
f_f013016,광안리 해수욕장
f_f013016,해운대 해수욕장
f_f013016,타이가텐푸라
f_f013061,언더우드
f_f013061,전포 놀이터 골목시장
f_f013084,영도대교
f_f013084,미터 선원
f_f013084,부산청년센터
f_f013084,망양로산복도로전시관
f_f013285,해운대 해수욕장
f_f013285,서핑역
f_f013285,부산 아시아드 주경기장
f_f013425,신세계백화점 센텀시티점
f_f013425,행리단길
f_f013425,신세계백화점 센텀시티점
f_f013425,해운대 해수욕장
f_f013425,왕과 탕후루
f_f013507,밀락 더 마켓
f_f013507,KT&G상상마당 부산
f_f013507,광안리 해수욕장
f_f013507,짱 오락실 부산 광안리점
f_f013507,광안리해양레포츠센터
f_f013520,큐브로 볼링장 대연점
f_f013520,락휴 코인 노래연습장 부산 광안 1호점
f_f013520,뉴질랜드한국전참전기념석
f_f013520,광안리 해수욕장
f_f013520,민락수변공원
f_f013520,부산문화회관
f_f013520,암남공원
f_f013520,지니어스나 인
f_f013520,유엔 평화기념관
f_f013566,광안리 해수욕장
f_f013566,인생네컷 부산 광안 오션점
f_f013566,행리단길
f_f013566,행리단길
f_f013682,청사포 방파제
f_f013682,이케아 동부산점
f_f013900,전포카페거리
f_f013900,밀락 더 마켓
f_f013900,호랑이 젤라 떡
f_f013900,해운대 해수욕장
f_f013900,행리단길
f_f013900,광안리 해수욕장
f_f013900,KT&G상상마당 부산
f_f013900,광안리 해수욕장
f_f013900,부산 시립미술관
f_f014100,동구문화 플랫폼
f_f014100,롯데호텔 부산
f_f014128,롯데 프리미엄 아웃렛 동부산점
f_f014128,대변항
f_f014128,죽성드림세트장
f_f014128,칠암 만장
f_f014128,해운대 블루라인파크
f_f014128,아홉산 숲
f_f014137,KT&G상상마당 부산
f_f014137,포포루
f_f014137,점포 사잇길
f_f014137,서면 미술관
f_f014411,피아크
f_f014411,부산항 국제 전시 컨벤션 센터
f_f014507,오륙도 스카이워크
f_f014507,동생말
f_f014507,우암동 도시숲
f_f014507,이기대해안산책로
f_f014600,레트로 덕천
f_f014600,카페 변호인
f_f014600,흰여울문화마을
f_f014600,흰여울문화마을
f_f015073,롯데 프리미엄 아웃렛 동부산점
f_f015073,아틀란티스 부산점
f_f015073,씨라이프 부산아쿠아리움
f_f015267,부산 시립미술관
f_f015267,포니 필름
f_f015267,고래서 이뻐
f_f015267,해운대 해수욕장
f_f015267,해운대 해수욕장
f_f015267,상국이네
f_f015276,롯데갤러리 광복점
f_f015276,롯데백화점 광복점
f_f015276,절영해안산책로
f_f015276,흰여울문화마을
f_f015276,유노추보 광복점
f_f015336,롯데백화점 부산본점
f_f015336,애플아울렛
f_f015388,국립해양박물관
f_f015388,국립 일제 강제 동원 역사관
f_f015395,부평깡통시장
f_f015395,용두산공원
f_f015395,영도대교
f_f015395,자갈치시장
f_f015453,피아크
f_f015453,태종대
f_f015520,플라워 마켓 수화 사상점
f_f015520,오르디
f_f015520,애플아울렛
f_f015527,송도 해수욕장
f_f015527,자갈치시장
f_f015527,몰운대
f_f015576,신세계 프리미엄 아웃렛 부산
f_f015576,하바나
f_f015592,부평깡통시장
f_f015592,태종대
f_f015592,국제시장
f_f015592,거인 통닭
f_f015593,범어사
f_f015593,회동수원지
f_f015594,부산시민공원
f_f015594,트레이더스 홀세일 클럽 서면점
f_f015594,트레이더스 홀세일 클럽 서면점
f_f015639,개미집 서면점
f_f015639,롯데백화점 부산본점
f_f015674,서면 1번가
f_f015674,롯데백화점 부산본점
f_f015674,리뉴미피부과의원 부산 서면점
f_f015681,국립 수산과학관
f_f015681,해동용궁사
f_f015681,송정 해수욕장
f_f015681,해운대 해수욕장
f_f015686,올드 머그
f_f015840,오리지널리티 사치 에디션 부산
f_f015840,노클레임
f_f015840,오티 코티
f_f015902,허심청 호텔농심
f_f015902,해운대 해수욕장
f_f015902,NC백화점 부산대점
f_f015908,엑스더스카이
f_f015928,해운대 해수욕장
f_f015928,신세계백화점 센텀시티점
f_f015928,광안리 해수욕장
f_f015928,롯데백화점 부산본점
f_f015938,동백섬
f_f015938,해운대 해수욕장
f_f015938,KT&G상상마당 부산
f_f015938,삼정타워
f_f015938,부산해양자연사박물관
f_f015939,서면 1번가
f_f015939,인생네컷 부산 서면 1번가 점
f_f016099,롯데 프리미엄 아웃렛 동부산점
f_f016099,이케아 동부산점
f_f016099,해동용궁사
f_f016099,해운대 해수욕장
f_f016099,롯데 프리미엄 아웃렛 동부산점
f_f016099,롯데 프리미엄 아웃렛 동부산점
f_f016334,거가대교 홍보전시관
f_f016422,하루 필름 부산 광안리점
f_f016422,광안리 해수욕장
f_f016567,피아크
f_f016567,게임 오브 마인드 서면점
f_f016567,머더가 커 부산점
f_f016567,해운대 해수욕장
f_f016583,송도해상케이블카 송도베이스테이션
f_f016583,구름 고개 카페
f_f016595,국제시장
f_f016595,마가 만두
f_f016595,태종대
f_f016595,국제시장
f_f016607,전포카페거리
f_f016607,해운대 전통시장
f_f016607,다대포해수욕장
f_f016607,F1963
f_f016607,송림공원
f_f016607,서면 남녀공학
f_f016607,해운대 해수욕장
f_f016607,광안리 해수욕장
f_f016607,동백섬
f_f016700,부산 현대미술관
f_f016700,낙동강 하굿둑 전망대
f_f016700,낙동강 하굿둑 전망대
f_f016700,스타필드시티 명지
f_f016808,꽃분이네
f_f016808,용두산공원
f_f016808,남포지하쇼핑센터
f_f016808,BIFF 광장
g_g000007,동서대학교
g_g000007,송정 해수욕장
b_b006879,다대포해수욕장
b_b000194,해운대 해수욕장
b_b004714,국제시장
b_b000367,자갈치시장
b_b004891,깡돼후야시장
b_b014821,송도 해수욕장
b_b007550,복천박물관
b_b014149,롯데월드 어드벤처 부산
b_b005029,부평깡통시장
b_b007627,부산 현대미술관
b_b012617,해운대 해수욕장
b_b004891,부평깡통시장
b_b018580,롯데프리미엄아울렛 동부산점
b_b003911,부산 사직종합운동장
b_b001126,KT&G상상마당 부산
b_b000761,황령산
b_b012278,롯데프리미엄아울렛 동부산점
b_b016547,부산 시립미술관
b_b002621,해운대 해수욕장
b_b013752,송정 해수욕장
b_b009392,광안리 해수욕장
b_b005029,광안리 해수욕장
b_b000905,해동용궁사
b_b018580,롯데마트 동부산점
b_b001184,해동용궁사
b_b000727,롯데백화점 광복점
b_b000727,동백섬
b_b008447,용두산공원
b_b011039,용두산공원
c_c009930,엑스더스카이
b_b009392,광안리 해수욕장
b_b005350,광안리 해수욕장
b_b004718,광안리 해수욕장
b_b004718,광안리 해수욕장
b_b000571,롯데월드 어드벤처 부산
b_b007528,용두산공원
b_b001910,피아크
b_b015715,뮤지엄 원
b_b011363,해운대 전통시장
b_b004653,롯데월드 어드벤처 부산
b_b004714,국제시장
b_b000383,청사포 다릿돌 전망대
b_b003967,대저생태공원
b_b011242,해운대 해수욕장
b_b005029,해운대 블루라인파크
c_c009930,뮤지엄 원
b_b006125,해운대 블루라인파크
b_b007551,해동용궁사
b_b009418,황령산
b_b009418,황령산
b_b002527,KT&G상상마당 부산
b_b018443,해운대 해수욕장
b_b009418,황령산
b_b016547,해운대 해수욕장
b_b008387,광안리 해수욕장
b_b001126,마가린상점
b_b007145,해운대 해수욕장
b_b009514,신세계프리미엄아울렛 부산
b_b004676,을숙도 생태공원
b_b001184,부평깡통시장
b_b010014,광안리 해수욕장
b_b003964,부평깡통시장
b_b018567,롯데호텔 부산
b_b000367,밀락 더 마켓
b_b000905,이케아 동부산점
b_b011286,아홉산 숲
c_c009930,송도해상케이블카 송도베이스테이션
b_b009859,광안리 해수욕장
b_b012278,광안리 해수욕장
b_b012278,광안리 해수욕장
b_b004653,롯데프리미엄아울렛 동부산점
b_b007551,광안리 해수욕장
b_b002621,송정 해수욕장
b_b006603,이케아 동부산점
b_b015783,NC백화점 서면점
b_b007064,해운대 해수욕장
b_b004320,흰여울문화마을
b_b001417,광안리 해수욕장
b_b011131,롯데프리미엄아울렛 동부산점
b_b005655,F1963
b_b001449,태종대
b_b014821,서면 1번가
b_b010824,광안리 해수욕장
b_b000383,해운대 해수욕장
b_b000246,을숙도 생태공원
b_b001935,감지해변
b_b001910,노티스
b_b004676,스타필드시티 명지
b_b000378,엑스더스카이
b_b004087,청사포 다릿돌 전망대
b_b011039,롯데백화점 광복점
b_b001153,롯데프리미엄아울렛 동부산점
b_b002527,감천문화마을
b_b003013,광안리 해수욕장
b_b001417,해동용궁사
b_b007912,롯데월드 어드벤처 부산
b_b000801,광안리 해수욕장
b_b002648,광안리 해수욕장
b_b002648,광안리 해수욕장
b_b000386,수영만 요트경기장
b_b000367,롯데백화점 부산본점
b_b011131,해동용궁사
b_b014788,부평깡통시장
b_b009301,벡스코
b_b000383,해운대 블루라인파크
b_b003013,송정 해수욕장
b_b005350,해운대 해수욕장
b_b000905,해운대 전통시장
b_b007084,전포카페거리
b_b001296,다대포해수욕장
b_b011184,민락수변공원
b_b003964,신세계백화점 센텀시티점
b_b001944,롯데백화점 부산본점
b_b000383,해운대 블루라인파크
b_b002527,해운대 해수욕장
b_b005655,밀락 더 마켓
b_b012543,해운대 해수욕장
b_b015715,광안리 해수욕장
b_b002648,국제시장
b_b012138,해동용궁사
b_b001184,해운대 블루라인파크
b_b007528,대저생태공원
b_b007912,롯데프리미엄아울렛 동부산점
b_b001161,해동용궁사
b_b004337,부평깡통시장
b_b001935,송도 해수욕장
c_c008802,롯데프리미엄아울렛 동부산점
b_b009392,광안리 해수욕장
b_b000246,스타필드시티 명지
b_b002621,흰여울문화마을
b_b006009,죽성드림세트장
b_b000194,해동용궁사
b_b011363,신세계백화점 센텀시티점
b_b012278,해동용궁사
b_b008322,광안리 해수욕장
b_b004676,부산 현대미술관
b_b005544,영화의전당
b_b011286,신세계프리미엄아울렛 부산
b_b002340,해운대 블루라인파크
c_c009930,부평깡통시장
b_b015092,애플아울렛
b_b000194,롯데월드 어드벤처 부산
b_b000104,부산 화명수목원
b_b007084,노클레임
b_b000905,절영해안산책로
b_b000905,부평깡통시장
b_b002527,센텀시티 스파랜드
b_b000383,해운대 블루라인파크
b_b008447,자갈치시장
b_b000727,웨스틴 조선 부산
b_b002340,동백섬
b_b000645,해운대 블루라인파크
b_b014710,광안리 해수욕장
b_b001370,KT&G상상마당 부산
b_b001944,송정 해수욕장
b_b014710,서면 1번가
b_b000367,광안리 해수욕장
b_b009849,광안리 해수욕장
b_b014206,화명생태공원
b_b004087,해운대 블루라인파크
b_b004087,해운대 블루라인파크
b_b001417,신세계백화점 센텀시티점
b_b005383,광안리 해수욕장
b_b007064,부산시민공원
b_b001017,초량 차이나타운
b_b012617,해운대 전통시장
b_b001910,다대포해수욕장
b_b007907,프루토프루타
b_b002648,더베이101
b_b003949,해리단길
b_b000378,흰여울문화마을
b_b001161,광안리 해수욕장
b_b004673,이마트 사상점
b_b002545,부산아시아드 보조경기장
b_b011118,롯데프리미엄아울렛 동부산점
b_b010107,송정 해수욕장
b_b001296,깡돼후야시장
b_b008387,부평깡통시장
b_b002545,해운대 해수욕장
b_b000367,국제시장
b_b000383,흰여울문화마을
b_b004337,해운대 해수욕장
b_b011083,벡스코
b_b006539,롯데월드 어드벤처 부산
b_b002648,부평깡통시장
b_b011728,해동용궁사
b_b007528,흰여울문화마을
b_b004337,라이언 홀리데이 인 부산
b_b004891,민락수변공원
b_b003949,해운대 해수욕장
b_b001944,밀락 더 마켓
b_b009392,부산시민공원
b_b006829,벡스코
b_b015754,이케아 동부산점
b_b011679,롯데프리미엄아울렛 동부산점
b_b009301,라이언 홀리데이 인 부산
b_b002527,BIFF 광장
b_b010889,해동용궁사
b_b003964,부산 화명수목원
b_b011083,해운대 해수욕장
b_b001184,흰여울문화마을
b_b004891,국제시장
b_b004320,삼락생태공원
b_b000883,송정 해수욕장
b_b009230,롯데월드 어드벤처 부산
b_b003964,광안리 해수욕장
b_b010889,광안리 해수욕장
b_b009849,흰여울문화마을
b_b006125,해운대 해수욕장
b_b005350,이기대해안산책로
b_b008056,전포카페거리
b_b011341,흰여울문화마을
b_b005055,해운대 해수욕장
b_b000383,민락수변공원
b_b001417,해운대 블루라인파크
b_b008056,해운대 해수욕장
b_b001017,해운대 영화의거리
b_b004337,스카이라인루지 부산
b_b000367,흰여울문화마을
b_b003948,자갈치시장
b_b006464,부산 시립미술관
b_b001417,흰여울문화마을
b_b000727,신세계백화점 센텀시티점
b_b002545,해운대 해수욕장
b_b006735,해운대수목원
b_b006473,해운대 해수욕장
b_b005383,뮤지엄 원
b_b010889,해운대 해수욕장
b_b012138,이케아 동부산점
b_b007688,부평깡통시장
b_b007064,송정 해수욕장
b_b008322,초량 차이나타운
b_b009392,밀락 더 마켓
b_b005350,롯데백화점 광복점
b_b003948,흰여울문화마을
b_b001184,광안리 해수욕장
b_b000383,부평깡통시장
b_b011586,해운대 해수욕장
b_b005315,영화의전당
b_b015783,밀락 더 마켓
b_b018580,해동용궁사
b_b005767,자갈치시장
b_b000386,해운대 블루라인파크
b_b001296,해운대 해수욕장
b_b001792,해운대 전통시장
b_b000386,그랜드조선 부산
b_b005350,해운대 해수욕장
b_b001296,더베이101
b_b015754,해운대 블루라인파크
b_b002527,해동용궁사
b_b011184,허심청 호텔농심
b_b003875,국립부산과학관
b_b008387,대저생태공원
b_b014710,전포카페거리
b_b002621,국제시장
b_b005767,영도하늘전망대
b_b011039,자갈치시장
b_b011852,코스트코 부산점
b_b001184,씨라이프 부산아쿠아리움
b_b009711,광안리 해수욕장
b_b002648,해운대 해수욕장
b_b004891,감천문화마을
b_b000460,송도해상케이블카 송도베이스테이션
b_b004891,흰여울문화마을
b_b000560,해운대 해수욕장
b_b007688,태종대
b_b012138,국립 수산과학관
b_b011363,해운대 해수욕장
b_b007256,전포카페거리
b_b007084,NC백화점 서면점
b_b004754,태종대
c_c009930,범어사
b_b000383,광안리 해수욕장
b_b000727,해운대 해수욕장
b_b001944,부산 사직종합운동장
b_b003964,해동용궁사
b_b009392,광안리 해수욕장
f_f011476,부산아시아드 보조경기장
f_f011476,해운대 해수욕장
f_f011476,서면 1번가
f_f011529,해운대 해수욕장
f_f011529,클럽 디 오아시스
f_f011531,광안리 해수욕장
f_f011531,KT&G상상마당 부산
f_f011589,신세계백화점 센텀시티점
f_f011771,씨라이프 부산아쿠아리움
f_f011771,해운대 해수욕장
f_f011771,행리단길
f_f011916,신세계백화점 센텀시티점
f_f011916,신세계백화점 센텀시티점
f_f011916,행리단길
f_f011932,신세계백화점 센텀시티점
f_f011932,광안리 해수욕장
f_f011979,KT&G상상마당 부산
f_f011979,롯데백화점 부산본점
f_f011979,삼정타워
f_f012128,광안리 해수욕장
f_f012128,수영만 요트경기장
f_f012128,광안리 해수욕장
f_f012185,국립해양박물관
f_f012381,광안리 해수욕장
f_f012478,신세계백화점 센텀시티점
f_f012543,벡스코
f_f012543,광안리 해수욕장
f_f012721,삼정타워
f_f012773,광안리 해수욕장
f_f012773,광안리 해수욕장
f_f012773,광안리 해수욕장
f_f012970,흰여울문화마을
f_f012970,롯데마트 광복점
f_f012970,광안리 해수욕장
f_f012970,광안리 해수욕장
f_f012970,광안리 해수욕장
f_f012970,광안리 해수욕장
f_f012970,광안리 해수욕장
f_f012970,해동용궁사
f_f012970,해운대 해수욕장
f_f012970,동백섬
f_f013001,태종대
f_f013001,태종대
f_f013001,밀락 더 마켓
f_f013064,광안리 해수욕장
f_f013437,부산영화체험 박물관
f_f013437,광안리 해수욕장
f_f013437,밀락 더 마켓
f_f013437,롯데백화점 센텀시티점
f_f013437,부산역
f_f013442,광안리 해수욕장
f_f013463,해운대 해수욕장
f_f013463,수영만 요트경기장
f_f014080,해운대 해수욕장
f_f014080,수영만 요트경기장
f_f014080,광안리 해수욕장
f_f014354,다대포해수욕장
f_f015423,신세계백화점 센텀시티점
f_f015423,전포카페거리
f_f015423,흰여울문화마을
f_f015423,다대포해수욕장
f_f015526,영화의전당
f_f015528,신세계백화점 센텀시티점
f_f015570,KT&G상상마당 부산
f_f015570,삼정타워
f_f015716,광안리 해수욕장
f_f015871,부산 시립미술관
f_f015871,부산 시립미술관
f_f015871,광안리 해수욕장
f_f015907,이케아 동부산점
f_f015907,상국이네
f_f015907,행리단길
f_f015972,벡스코
f_f016007,해운대 해수욕장
f_f016120,동백섬
f_f016120,더베이101
f_f016120,부산요트투어
f_f016120,해동용궁사
f_f016335,신세계백화점 센텀시티점
f_f016335,해운대 해수욕장
f_f016490,국제시장
f_f016490,부평깡통시장
f_f016490,F1963
f_f016531,롯데 프리미엄 아웃렛 동부산점
f_f016596,광안리 해수욕장
f_f016596,신세계백화점 센텀시티점
f_f016612,삼정타워
f_f016612,NC백화점 서면점
f_f016612,국제시장
f_f016612,부평깡통시장
f_f016622,롯데 프리미엄 아웃렛 동부산점
f_f016622,이케아 동부산점
f_f016622,롯데월드 어드벤처 부산
f_f016665,국제시장
f_f016665,부평깡통시장
f_f016665,BIFF 광장
f_f016665,광안리 해수욕장
f_f016773,광안리 해수욕장
b_b001745,해운대 해수욕장
b_b015783,광안리 해수욕장
b_b010824,롯데백화점 부산본점
b_b009711,부산요트투어
b_b012617,해운대 해수욕장
b_b000194,해운대 달맞이 길
b_b004247,롯데월드 어드벤처 부산
b_b009859,태종대
b_b002648,국제시장
b_b012278,이케아 동부산점
b_b014821,송도해상케이블카 송도베이스테이션
b_b012328,광안리 해수욕장
b_b005350,BIFF 광장
b_b006514,국제시장
b_b000727,신세계프리미엄아울렛 부산
b_b004247,광안리 해수욕장
b_b000905,해운대 해수욕장
b_b010889,BIFF 광장
b_b003964,자갈치시장
b_b001935,해운대 전통시장
b_b008387,흰여울문화마을
b_b003964,해운대 전통시장
d_d005737,광안리 해수욕장
b_b015715,초량 차이나타운
b_b000378,이케아 동부산점
b_b004320,용두산공원
b_b000383,해운대 해수욕장
b_b006464,영화의전당
b_b004235,광안리 해수욕장
b_b003949,동백섬
b_b001935,해동용궁사
b_b001745,웨이브락 서면점
b_b006829,해운대 해수욕장
b_b002648,해동용궁사
b_b005350,오륙도 스카이워크
b_b005029,흰여울문화마을
b_b005055,광안리 해수욕장
b_b011039,부평깡통시장
b_b005350,영도대교
b_b001944,민락수변공원
f_f000363,광안리 해수욕장
f_f000363,국제시장
f_f000363,국제시장
f_f000363,국립해양박물관
f_f000363,부산요트투어
f_f000363,광안리 해수욕장
f_f000363,오륙도 스카이워크
f_f000891,부산 사직종합운동장
f_f000891,KT&G상상마당 부산
f_f001080,광안리 해수욕장
f_f001080,부산요트투어
f_f001270,광안리 해수욕장
f_f001270,광안리 해수욕장
f_f001270,롯데백화점 부산본점
f_f001500,롯데 프리미엄 아웃렛 동부산점
f_f001500,이케아 동부산점
f_f001500,롯데 프리미엄 아웃렛 동부산점
f_f001717,센텀시티 스파랜드
f_f001717,신세계백화점 센텀시티점
f_f001978,송림공원
f_f001978,더베이101
f_f001978,롯데마트 동부산점
f_f001978,국립 수산과학관
f_f001978,해동용궁사
f_f001978,송정 해수욕장
f_f003874,신세계백화점 센텀시티점
f_f003874,광안리 해수욕장
f_f004843,해운대 해수욕장
f_f004955,신세계백화점 센텀시티점
f_f004955,광안리 해수욕장
f_f004955,해운대 해수욕장
f_f006405,신세계백화점 센텀시티점
f_f006405,뮤지엄 원
f_f006405,광안리 해수욕장
f_f006405,밀락 더 마켓
f_f008606,광안리 해수욕장
f_f008606,해운대 해수욕장
f_f008606,부산 사직종합운동장
f_f008768,광안리 해수욕장
f_f012947,송도 해수욕장
f_f012947,광안리 해수욕장
f_f012947,광안리 해수욕장
f_f012947,민락수변공원
f_f012947,밀락 더 마켓
f_f012947,국제시장
f_f012947,용두산공원
f_f013705,전포카페거리
f_f015580,이케아 동부산점
f_f015580,죽성드림세트장
f_f015580,아홉산 숲
f_f015959,벡스코
f_f016095,광안리 해수욕장
